date_inicial,date_final,IrrDia_1,th1_dia1,th1_dia2,th1_dia3,th2_dia1,th2_dia2,th2_dia3,MinTemp_dia1,MinTemp_dia2,MinTemp_dia3,MaxTemp_dia1,MaxTemp_dia2,MaxTemp_dia3,Precipitation_dia1,Precipitation_dia2,Precipitation_dia3,ReferenceET_dia1,ReferenceET_dia2,ReferenceET_dia3
2000-03-30,2000-04-01,6.38,0.2189261426042972,0.1743747879738721,0.1478944834241831,0.22,0.22,0.22,14.5,14.4,17.8,35.7,37.4,38.0,0.0,0.0,0.0,5.9,6.0,6.3
2000-04-02,2000-04-04,14.14,0.2157208513579688,0.167155930109791,0.1384653257055667,0.22,0.22,0.22,19.6,19.2,20.1,36.0,37.2,38.2,0.0,0.0,0.0,6.7,7.0,7.5
2000-04-05,2000-04-07,16.400000000000006,0.2256211884416412,0.1729402465314757,0.1457997526889111,0.22,0.2204589493067325,0.2200421246982671,20.1,19.1,20.9,38.8,39.2,39.0,0.0,0.0,0.0,7.0,7.2,7.1
2000-04-08,2000-04-10,15.23,0.2233559399165364,0.1765907900842657,0.1474126575534172,0.2200038743917464,0.2202769063488376,0.2200254387624353,20.2,21.4,19.4,38.2,40.0,40.2,0.0,0.0,0.0,6.8,6.1,6.9
2000-04-11,2000-04-13,14.84999999999999,0.2200310457562872,0.1728256034141887,0.1435998294325711,0.2200023399063575,0.2200028081461972,0.2200002583275472,20.3,22.6,23.2,40.4,40.2,40.0,0.0,0.0,0.0,6.9,6.4,6.8
2000-04-14,2000-04-16,15.12,0.2178449151177846,0.1667149371072467,0.1376419403504507,0.2200000237644185,0.220000002186171,0.2200000002011135,20.3,22.9,23.1,40.0,40.3,39.0,0.0,0.0,0.0,7.0,7.2,7.0
2000-04-17,2000-04-19,15.940000000000008,0.2158892675982253,0.1677658599498416,0.1352202386851362,0.2200000000185011,0.2200000000017019,0.2200000000001565,21.0,19.0,20.0,40.2,38.4,37.2,0.0,0.0,0.0,7.4,6.9,7.6
2000-04-20,2000-04-22,16.840000000000003,0.2475202386851362,0.1595158357866569,0.1243891273056464,0.2200000000000143,0.2220368102417296,0.2201854884967961,17.9,20.0,21.6,36.0,38.2,39.4,0.0,0.0,0.0,5.1,6.7,6.8
2000-04-23,2000-04-25,17.040000000000003,0.2144891273056464,0.1568909193211332,0.1179925778126987,0.220017048110022,0.2200015681829339,0.2200001442614813,24.6,20.0,20.3,40.2,38.4,40.4,0.0,0.0,0.0,7.3,6.7,7.5
2000-04-26,2000-04-28,18.44999999999999,0.2166925778126986,0.1485908877288982,0.1044432627973153,0.2200000132711056,0.220000001220855,0.2200000001123107,20.7,20.2,19.7,39.2,41.6,42.1,0.0,0.0,0.0,7.8,7.9,8.2
2000-04-29,2000-05-01,20.58,0.2233432627973153,0.1482643548507701,0.1030776370607706,0.2200000000103317,0.22027553020913,0.2200253125117557,20.8,20.1,20.4,41.8,41.8,41.7,0.0,0.0,0.0,7.9,7.5,7.1
2000-05-02,2000-05-04,19.5,0.2166776370607706,0.1425526886808013,0.0873773730583793,0.2200023282950276,0.2200002141854895,0.2127180362686802,21.6,25.6,22.9,41.2,42.1,40.8,0.0,0.0,0.0,7.4,6.9,8.2
2000-05-05,2000-05-07,23.01000000000001,0.2316773730583794,0.3197593709078075,0.2688965935515032,0.2127180362686802,0.4001406290921924,0.2209130905702097,22.3,16.0,19.6,39.1,40.1,29.8,0.0,86.3,8.6,7.8,9.1,3.7
2000-05-11,2000-05-13,18.929999999999986,0.2134478755732118,0.1481798513472106,0.0950927530256438,0.2200025055107456,0.2163226449386927,0.2088485197287861,22.5,22.2,20.8,37.0,37.2,37.2,0.0,0.3,0.0,6.2,6.7,6.6
2000-05-14,2000-05-16,20.87000000000001,0.2345287755464086,0.1527329546205101,0.0966071551602259,0.2000124972080214,0.2037083181339199,0.1904550066666748,20.9,22.4,23.4,37.3,37.3,37.7,0.0,0.0,0.7,7.1,7.1,7.1
2000-05-17,2000-05-19,20.0,0.2598849451172752,0.1550823714687581,0.0928913851637693,0.1778772167096255,0.1990797903581426,0.1798707766631314,21.9,21.8,22.2,36.4,36.4,35.4,3.1,0.0,0.0,7.3,7.6,7.4
2000-05-20,2000-05-22,24.86,0.2757299512366077,0.1590482545991884,0.0974873091734793,0.1686322105902931,0.2121035318491146,0.2021644772748237,21.8,24.2,24.3,35.8,35.8,36.4,0.0,0.0,0.0,7.0,6.6,6.5
2000-05-23,2000-05-25,21.18,0.2597873091734793,0.1595745383634587,0.2515070892042484,0.2021644772748237,0.2156417313009141,0.1985123829010244,24.1,23.2,20.3,33.7,36.8,36.2,0.0,0.0,15.8,4.5,6.3,7.5
2000-05-26,2000-05-28,4.990000000000091,0.2331621371628656,0.159351233333965,0.0980014456179108,0.2134517110687756,0.2195712396304738,0.2050210273465281,20.2,20.9,21.8,35.2,33.8,36.1,2.4,0.0,0.0,6.4,5.7,6.9
2000-05-29,2000-05-31,21.28999999999999,0.2468966703073944,0.1582524587153131,0.0971394823578057,0.1909258026570444,0.2014700142491257,0.1844829906066331,23.2,23.7,22.3,36.2,36.6,35.8,0.0,0.0,0.0,7.1,7.1,7.1
2000-06-01,2000-06-03,18.250000000000004,0.2724527223389497,0.1619268568087892,0.1716887637096879,0.1840697506254892,0.2178435508036891,0.2107816439027904,19.7,22.1,19.8,34.8,33.6,35.7,5.4,0.0,7.2,5.6,5.9,6.3
2000-06-04,2000-06-06,12.68,0.2368152517235874,0.2087178002340186,0.375929319799884,0.2064551558888909,0.2201688686189351,0.2737433016772359,20.9,22.8,19.3,33.4,31.7,28.6,0.0,2.8,29.0,6.0,3.7,3.1
2000-06-10,2000-06-12,11.381371717986587,0.2129163399776688,0.152730725945366,0.3651736901471721,0.2194868672158454,0.2194868672158454,0.2254918107469045,21.2,21.4,19.7,32.0,32.6,30.3,0.0,0.0,27.1,5.6,5.5,4.1
2000-06-16,2000-06-18,22.285002823593707,0.2570984801213246,0.1647037723259064,0.2048513908565777,0.19282272984937,0.2227293805897168,0.2202477000206127,20.4,21.0,20.8,33.2,32.7,32.6,0.3,0.3,8.8,5.9,5.4,4.4
2000-06-19,2000-06-21,0.1952381469328621,0.2308596723542711,0.3763455282647314,0.2242849080500066,0.2200227589278784,0.280580487599594,0.2226834611520454,19.6,17.7,20.3,29.9,27.8,27.8,6.1,29.1,3.1,3.4,3.1,2.7
2000-06-22,2000-06-24,2.048595532166951,0.2060259269550962,0.2970436198464024,0.1788875326967114,0.2203858359651548,0.2200354267953802,0.2242305031277474,21.8,19.7,21.4,30.4,31.8,31.8,0.2,14.3,0.0,3.4,4.4,4.2
2000-06-25,2000-06-27,8.463458124769588,0.2025790776363236,0.1408346549159614,0.0916315892868835,0.2186369380300109,0.212350819640864,0.212350819640864,20.5,21.6,21.2,33.3,34.1,33.2,0.0,0.0,0.2,5.8,6.3,4.9
2000-06-28,2000-06-30,17.286546537333752,0.2195610403022392,0.2757583905482156,0.3854532118374545,0.2107670466073502,0.2107670466073502,0.41,19.7,18.9,20.0,32.8,26.4,24.8,1.6,8.7,80.0,5.8,2.8,2.3
2000-07-04,2000-07-06,0.7637248637892311,0.1908849895823002,0.1436357847586191,0.1104468572376919,0.224093263580093,0.220368936414998,0.2200338779390804,19.8,21.2,20.9,28.1,30.3,29.8,0.0,0.0,0.2,3.6,4.6,3.5
2000-07-07,2000-07-09,9.250146990097676,0.2152635891602292,0.1849718084771446,0.1494965161016711,0.2200031160282739,0.2200002866498612,0.2200000263698796,20.2,20.4,20.0,30.9,29.7,27.8,5.3,0.7,0.0,4.0,3.7,3.6
2000-07-10,2000-07-12,9.142851321255694,0.2114895183864344,0.1795146383141956,0.3849340989249921,0.2200000024258565,0.220000000223163,0.3335004003680414,19.8,19.8,19.2,29.2,29.6,23.8,1.5,1.0,38.4,4.5,4.3,2.6
2001-03-30,2001-04-01,4.003494263578227,0.1938952416839334,0.1601852070338026,0.1398655511026593,0.22,0.22,0.22,23.4,19.9,21.1,37.8,37.4,36.2,0.0,0.0,0.0,6.6,6.2,5.8
2001-04-02,2001-04-04,14.389999999999995,0.2276658839417409,0.1870318616507067,0.1618498483936798,0.22,0.2206205791249831,0.2200569143490911,19.9,21.3,22.6,34.0,36.1,35.2,0.0,2.6,0.0,5.1,6.3,4.7
2001-04-05,2001-04-07,10.98996083061362,0.2057500216882076,0.1530730323322754,0.1269462343712923,0.2200052342781026,0.2200004815069937,0.2200000442953963,19.8,19.4,20.5,35.1,37.2,37.0,0.0,0.0,0.0,6.0,6.8,6.4
2001-04-08,2001-04-10,16.349923242006454,0.2200463337976061,0.1784806636181501,0.1562619088642428,0.2200000040748864,0.2200038699541561,0.2200003560037319,21.7,23.9,23.4,38.2,39.0,37.2,0.0,1.0,0.0,6.4,6.1,4.5
2001-04-11,2001-04-13,11.319922256461016,0.1979623992540943,0.1512271376585041,0.1249061025496724,0.2200000327499629,0.2200000030127824,0.2200000002771563,24.4,23.8,19.9,38.4,36.9,31.8,0.0,0.0,1.0,6.5,6.0,3.9
2001-04-14,2001-04-16,13.799903099076602,0.2101064791017381,0.1554445854259413,0.1318092786031987,0.2200000000254966,0.2200000000023454,0.2200000000002157,19.0,21.7,23.7,30.9,33.0,33.4,0.0,0.0,0.0,4.8,5.8,4.4
2001-04-17,2001-04-19,7.459843136820941,0.2002102013081084,0.1531152519472918,0.120807958603945,0.2200000000000197,0.2200000000000018,0.2200000000000002,20.7,20.1,23.4,35.4,33.8,36.2,6.2,0.0,0.0,6.2,5.4,6.5
2001-04-20,2001-04-22,17.069668614701683,0.2211083172067302,0.1658125194270338,0.1381932504385221,0.22,0.2200921693469144,0.220008475121561,23.5,22.4,21.9,37.4,36.9,36.2,0.0,0.0,0.0,6.4,6.3,5.3
2001-04-23,2001-04-25,14.00961545234624,0.2067947022901531,0.1474253794901505,0.1114730324461325,0.2200007796232744,0.2200000717199783,0.2200000065977677,21.9,22.6,23.2,37.4,38.2,38.4,0.0,0.0,0.0,6.5,6.6,6.8
2001-04-26,2001-04-28,18.329302860936327,0.2166742130389252,0.1519586307084862,0.1100198739366517,0.2200000006069515,0.2200000000558354,0.2200000000051364,23.2,23.2,25.6,39.4,39.8,40.1,0.0,0.0,0.0,7.1,7.0,7.3
2001-04-29,2001-05-01,19.0289534073634,0.2299196411827213,0.1463929328154558,0.1021851561562023,0.2200000000004726,0.2207954053482506,0.2200728847918553,26.5,26.2,25.7,39.9,40.6,40.8,0.0,0.0,0.0,6.4,7.3,6.7
2001-05-02,2001-05-04,19.1486748137926,0.2133879120733907,0.1411729885131114,0.0871890450400499,0.2200067025134751,0.220000616567111,0.2154881098138778,26.6,24.9,27.2,41.0,41.2,41.0,0.0,0.0,0.0,7.3,6.7,7.6
2001-05-05,2001-05-07,22.08797001611191,0.2255904829869981,0.13606816229898,0.0860490018705045,0.2154881098138778,0.2187090803699433,0.1987342275196018,27.3,24.7,25.7,41.0,42.3,41.7,0.0,0.0,0.0,7.5,7.8,7.4
2001-05-08,2001-05-10,23.66759425175821,0.246211097813513,0.1460143111681024,0.0862242982020043,0.1982718030264372,0.2149251876533865,0.1892422649078982,28.9,23.8,24.4,41.2,40.4,40.8,0.0,0.0,0.0,7.0,7.4,8.0
2001-05-11,2001-05-13,25.0,0.2610251235144634,0.148563332832547,0.0871898392727368,0.1753713936619133,0.1965645143653551,0.1710683438710257,23.2,23.6,27.2,40.7,41.5,42.3,0.0,0.0,0.0,8.1,8.3,7.9
2001-05-14,2001-05-16,25.0,0.2649230187069944,0.1836167512193156,0.1150887962686611,0.1520675186800493,0.1937880017758952,0.1809455053515605,26.5,24.9,23.4,41.7,36.2,40.2,0.0,0.0,0.0,8.3,3.6,7.4
2001-05-17,2001-05-19,22.53704513749892,0.274978099775298,0.1620826305931187,0.0970809670215187,0.1771520535733838,0.2207465464982103,0.1993020326041268,23.7,23.7,24.1,39.2,38.4,38.2,0.0,0.0,0.0,6.3,5.6,7.8
2001-05-20,2001-05-22,22.936805528081063,0.2625267351093809,0.1586440696421738,0.0981977494958147,0.1961494617724794,0.2142860038317601,0.2109564800959165,24.8,24.8,25.4,38.4,37.4,37.2,0.0,0.0,0.0,6.1,6.5,5.8
2001-05-23,2001-05-25,19.457584388220265,0.2297767817747976,0.154706021265643,0.092258275312987,0.2079783875772963,0.1972818949893715,0.1640662831226656,23.6,25.2,24.3,37.2,38.2,38.8,0.0,0.0,0.0,6.0,7.8,8.7
2001-05-26,2001-05-28,25.0,0.2760007624905807,0.1581691878348121,0.0964935005242704,0.1412580100567932,0.173322615683868,0.1536297095049864,23.7,24.8,25.5,38.2,38.4,37.8,0.0,0.0,0.0,8.1,7.8,7.4
2001-05-29,2001-05-31,25.0,0.2814382950973552,0.1586253321261478,0.0961675190304745,0.1340176593692989,0.1699642758605329,0.1433566143536184,25.2,24.7,24.7,38.0,38.6,38.0,0.0,0.0,0.0,7.7,7.9,8.1
2001-06-01,2001-06-03,25.0,0.284295990438843,0.1608402883532969,0.1091231371961237,0.1392537560086914,0.1879385249589552,0.1836957196095026,26.4,27.2,22.7,37.2,38.8,36.8,0.0,0.0,1.0,6.0,6.8,6.0
2001-06-04,2001-06-06,14.31743225866919,0.2794141674301292,0.3671167229568083,0.1903383160345791,0.1836957196095026,0.3123058876623788,0.2232075157370154,22.7,21.8,23.7,35.6,34.2,30.4,7.0,33.4,0.4,3.9,3.9,3.1
2001-06-07,2001-06-09,5.285739031651964,0.1930188593539281,0.1370859153222003,0.3394916911640589,0.2202903946642791,0.2200266761249501,0.2200024537063584,23.4,23.7,22.4,35.2,35.1,32.2,0.8,0.0,24.6,5.3,5.1,3.7
2001-06-16,2001-06-18,3.5660361767555524,0.1990643731376575,0.1374193427142211,0.0865194515346615,0.2203914197538109,0.2142193221651471,0.1890202068649584,21.6,21.7,23.3,30.4,33.2,34.2,0.0,0.0,0.0,4.1,6.2,7.0
2001-06-19,2001-06-21,24.05990064797481,0.2673793231708376,0.2081912060256718,0.1485579678968518,0.1890202068649584,0.2182299175836423,0.2182299175836423,21.7,21.8,22.0,32.8,33.8,32.8,0.0,4.6,0.0,5.5,5.9,5.5
2001-06-22,2001-06-24,13.283323812882005,0.2202724671769752,0.1576218411165722,0.0978643915545345,0.2154352563314051,0.2055707593087476,0.1939589356538135,22.4,22.4,22.8,32.7,34.1,34.2,0.0,0.0,0.0,5.9,6.7,6.6
2001-06-25,2001-06-27,21.94692732169718,0.2579122119954553,0.1602772599845066,0.1011442465745346,0.1939589356538135,0.2099432329984104,0.2086821970247876,23.6,23.0,22.7,35.3,34.4,34.2,0.0,0.0,0.0,5.5,6.8,5.6
2001-06-28,2001-06-30,19.05940493835946,0.2288706924226338,0.1667004152029711,0.1112979915647084,0.1961243855288258,0.2045036153111955,0.2028986251190131,23.0,22.8,22.9,35.0,33.0,33.5,0.0,0.5,0.0,7.0,5.5,5.9
2001-07-01,2001-07-03,18.874338339143343,0.2544190612505307,0.1601546935421745,0.1031394414284572,0.2028986251190131,0.2162169666748745,0.2125344756117982,22.4,22.4,22.4,32.4,34.0,34.6,0.0,0.0,0.4,4.3,6.4,6.2
2001-07-04,2001-07-06,18.938240355048467,0.2274233084416319,0.1581772474391084,0.2301878824375274,0.1974749192847704,0.2036806506196428,0.2036806506196428,22.5,22.6,21.8,35.7,33.5,31.8,0.0,0.0,11.2,7.7,6.1,3.9
2001-07-07,2001-07-09,4.608936500158115,0.2354604820091776,0.216065366578239,0.3135325849217801,0.2129785971188526,0.2206324275140423,0.2200579975812809,22.6,22.1,21.4,29.3,29.8,30.7,0.0,2.8,14.0,3.1,3.3,3.7
2001-07-13,2001-07-15,13.326665614578683,0.1985581098749712,0.1395293552623498,0.0863505835383527,0.2200034052101599,0.2200003132518518,0.2150827859683653,21.7,22.6,22.6,32.3,33.0,34.0,0.0,0.0,0.0,5.7,6.3,6.3
2002-03-30,2002-04-01,2.31235026320539,0.1811530295447384,0.1985613686606463,0.1562541164859004,0.22,0.22,0.22,21.3,20.9,20.9,38.6,35.9,35.8,0.0,9.0,0.0,7.0,6.6,5.7
2002-04-02,2002-04-04,12.639999999999995,0.2166550034277479,0.1656788589535192,0.1372158539498131,0.22,0.22,0.22,23.3,21.4,21.7,36.9,37.8,39.2,0.0,0.0,0.0,6.0,6.4,6.7
2002-04-05,2002-04-07,15.649873819459064,0.2121506236169519,0.1738351524438349,0.2260655628967348,0.22,0.22,0.22,22.7,22.5,20.9,39.0,37.0,37.6,0.0,0.0,11.4,7.5,5.6,5.6
2002-04-08,2002-04-10,5.858466628247288,0.2143936958779606,0.1694779525380824,0.1489393817792046,0.2204943194596107,0.2200453632101487,0.2200041721850729,20.2,20.4,20.6,35.6,36.2,36.4,0.0,0.0,0.0,5.9,6.3,4.7
2002-04-11,2002-04-13,12.279816128462825,0.2090400606591763,0.1602606471842795,0.1147993181730158,0.2200003838059009,0.2200000353075717,0.2200000032480655,21.5,22.2,21.0,37.3,37.2,37.4,0.0,0.0,0.4,5.7,5.7,6.7
2002-04-14,2002-04-16,17.88962308462576,0.2210997380381492,0.1660107973752478,0.1346740407420643,0.2200000002988008,0.2200914590648373,0.2200084098394617,20.2,21.8,22.0,38.7,38.4,38.6,0.0,0.0,0.0,6.6,6.9,7.2
2002-04-17,2002-04-19,16.44941913295866,0.2276741426681619,0.1663218795969964,0.1343658925749069,0.2200007736182476,0.2206212923917234,0.2200569795627027,23.4,23.4,26.0,39.4,39.8,39.9,0.0,0.0,0.0,6.5,6.7,6.9
2002-04-20,2002-04-22,16.149203933473704,0.2166672814742758,0.1668575344324215,0.1402042988867356,0.2200052402739571,0.2200004820585447,0.2200000443461352,23.7,24.7,22.7,39.8,39.8,38.4,0.0,0.0,0.0,7.2,6.6,5.5
2002-04-23,2002-04-25,14.029096924938909,0.2178057806837834,0.1515081432096162,0.1160858447824391,0.2200000040795541,0.2200000003752924,0.2200000000345244,22.6,26.4,26.5,38.4,39.9,39.6,0.0,0.0,0.0,5.7,7.1,6.6
2002-04-26,2002-04-28,17.648468389392427,0.214488981385567,0.1609249689207494,0.1148338141352916,0.220000000003176,0.2200000000002921,0.2200000000000268,25.7,23.2,24.8,39.2,39.0,40.6,0.0,0.0,0.0,7.1,5.5,7.4
2002-04-29,2002-05-01,18.657597774471817,0.218936945086661,0.1461444367024467,0.0959023083151008,0.2200000000000024,0.2200000000000002,0.22,24.0,25.0,24.7,40.8,40.9,41.8,0.0,0.0,0.0,7.5,7.5,7.9
2002-05-02,2002-05-04,21.096468167242783,0.2233046614852773,0.1374051551197778,0.0866738714355605,0.22,0.220272391761307,0.2136098529652802,23.2,22.3,23.8,40.1,40.0,39.3,0.0,0.0,0.0,7.6,7.8,7.7
2002-05-05,2002-05-07,22.435351701329022,0.2373712989856662,0.1390126708816073,0.0860053719032895,0.2136098529652802,0.2208345757703312,0.2056216071924705,23.8,25.8,24.2,39.2,40.6,40.2,0.0,0.0,0.0,6.7,7.5,6.9
2002-05-08,2002-05-10,22.42492232690609,0.2618883612736176,0.1455907133265943,0.0859342802171023,0.2056216071924705,0.2136934652311811,0.1843160927525084,26.3,26.2,27.5,37.7,40.2,40.7,0.0,0.0,0.0,4.4,7.8,8.1
2002-05-11,2002-05-13,25.0,0.2592325938416694,0.1478857365240966,0.0869505226127392,0.1664897884069086,0.1844092972712513,0.1576101840588577,28.1,26.3,26.4,41.4,40.4,40.0,0.0,0.0,0.0,8.6,8.5,8.0
2002-05-14,2002-05-16,25.0,0.2649111713166869,0.1564117869565252,0.1247637850419875,0.1395219113324311,0.1666917257206807,0.1666917257206807,27.6,22.7,25.2,40.4,40.6,32.8,0.0,0.5,0.0,8.2,8.0,3.4
2002-05-17,2002-05-19,18.58692566912241,0.2426867167882685,0.170684392677374,0.1075094499036513,0.1533056141570151,0.1677687067905315,0.1550314178304392,22.5,21.6,24.2,38.8,35.8,37.4,0.0,1.5,0.0,7.4,6.6,7.2
2002-05-20,2002-05-22,25.0,0.2886953728975855,0.1561114873329379,0.0935674399379277,0.1304248336641459,0.1717866252473294,0.1475051790090658,24.0,24.4,24.8,38.8,39.3,39.3,0.0,0.0,0.0,8.5,8.3,7.9
2002-05-23,2002-05-25,25.0,0.2782763528267544,0.1591184540065742,0.0971953380716095,0.1336644630061303,0.1758889146571874,0.1597797564301352,25.0,26.6,25.1,38.8,39.8,40.6,0.0,0.0,0.0,7.2,7.0,7.1
2002-05-26,2002-05-28,25.0,0.2856489112865533,0.1613604403223722,0.0981782492925501,0.1597797564301352,0.2146650681013311,0.1910231992679136,24.4,25.4,26.2,36.8,38.6,39.0,0.0,0.0,0.0,5.6,6.2,7.9
2002-05-29,2002-05-31,23.76240598632393,0.2710932811254457,0.1592533036816932,0.1430538437475084,0.1733044655325468,0.2040944596748161,0.1880643980492932,26.4,25.2,20.7,39.2,39.4,39.2,0.0,0.0,4.8,7.5,7.3,7.3
2002-06-01,2002-06-03,18.902952155970773,0.2727355789257016,0.2869094996546323,0.1626828186092394,0.1880643980492932,0.2080142606124535,0.2211336827815589,23.4,20.4,23.6,36.2,38.0,35.8,0.0,13.2,0.0,5.4,7.0,5.8
2002-06-04,2002-06-06,12.00437778082911,0.2200457332328199,0.1672508259073827,0.1803389731425848,0.210248614281919,0.2102901413052984,0.2097093373753292,22.5,23.6,20.6,36.6,34.2,34.4,0.0,0.0,7.4,6.6,4.8,5.6
2002-06-07,2002-06-09,11.149265669476712,0.2347806522797402,0.166450926590247,0.1047968229538913,0.2097093373753292,0.2202923920503773,0.2104911177569209,21.9,22.2,24.2,34.6,36.6,37.8,0.0,0.0,0.0,5.2,5.0,6.5
2002-06-10,2002-06-12,14.988984522231366,0.2382596661385624,0.1854480759369353,0.1461232447155307,0.2006961360875702,0.2174283293194903,0.2174283293194903,21.6,22.5,23.9,35.8,32.9,35.2,4.6,0.0,0.0,6.6,3.3,3.6
2002-06-13,2002-06-15,11.582483122140465,0.2007333991851325,0.1400233517733121,0.0920864296583637,0.2142505937814975,0.2138961997577182,0.2138961997577182,24.4,23.0,22.6,37.5,37.4,30.3,0.0,0.0,0.0,5.9,5.6,4.4
2002-06-16,2002-06-18,18.19369221149485,0.2113930051750211,0.1479657919345234,0.092561674434757,0.2025075871076735,0.1865434763225955,0.1832717105441222,22.3,22.8,23.2,35.6,35.2,34.9,0.0,0.0,0.0,6.8,7.3,5.4
2002-06-19,2002-06-21,2.4775883278239785,0.2529041395790741,0.2378482222420087,0.2681063842828998,0.172968030790521,0.2033421814564836,0.2196939748488946,21.1,20.9,21.1,36.7,33.1,29.4,19.8,7.2,9.0,6.7,5.2,3.9
2002-06-25,2002-06-27,1.1887406465390358,0.2461601946746713,0.193108502255116,0.155470255722094,0.2186588896201694,0.221867801016141,0.2201702406473486,20.6,20.4,21.3,28.4,25.8,28.8,13.6,0.4,0.0,3.5,2.9,3.7
2002-06-28,2002-06-30,10.438346412535845,0.1981128766655066,0.1367367678520541,0.0861530543922106,0.2139072057679255,0.2109749086070058,0.1826515010548577,21.6,21.6,22.6,33.1,33.4,35.9,0.0,0.0,0.0,6.3,6.0,7.4
2002-07-01,2002-07-03,25.0,0.2733410171932563,0.1677175574617372,0.106957109918046,0.1744124359342639,0.2203749543118952,0.2200344295135336,23.6,22.0,22.3,35.9,32.8,34.0,0.0,0.0,0.0,6.7,5.3,5.8
2002-07-04,2002-07-06,17.37604475436913,0.2203679418023797,0.1566613685049863,0.0982433479342947,0.2200031667524192,0.2152286562419342,0.2152286562419342,22.3,22.0,22.8,32.7,34.3,33.1,0.0,0.0,0.0,5.8,6.6,5.7
2002-07-07,2002-07-09,18.50180205706916,0.2186975742760888,0.1533013623157885,0.1064792575395471,0.2086547829937217,0.2005375518969472,0.2005375518969472,22.7,22.4,21.5,35.2,35.2,34.0,0.0,0.0,1.6,7.0,7.3,6.3
2002-07-10,2002-07-12,19.582210477624148,0.2411300957502914,0.1622430892283283,0.1620054083236818,0.2005375518969472,0.2199279558065881,0.2199279558065881,23.4,23.2,21.7,35.2,35.1,33.0,0.0,0.0,4.6,6.2,6.1,4.8
2002-07-13,2002-07-15,10.233768090464652,0.2074202070328739,0.1493543464283068,0.1306751526411586,0.2199279558065881,0.2199279558065881,0.2199279558065881,23.6,22.2,20.9,35.2,34.5,35.4,0.2,0.0,4.4,6.2,6.2,6.8
2003-03-30,2003-04-01,3.733741563796311,0.1980582728877837,0.1638765022803298,0.1409270527084357,0.22,0.22,0.22,19.4,19.8,15.7,37.4,38.2,38.0,0.0,0.0,0.0,5.8,5.9,6.3
2003-04-02,2003-04-04,14.839999999999996,0.223328555320023,0.1690308670853053,0.1410223463214712,0.22,0.2202743345477883,0.2200252028172402,16.1,22.6,21.8,39.2,38.8,38.8,0.0,0.0,0.0,6.0,6.4,6.5
2003-04-05,2003-04-07,15.049792424104464,0.2167834649851057,0.1710004002736919,0.1234044181640322,0.2200023182063637,0.2200002132574196,0.2200000196182705,19.1,22.6,21.4,38.2,38.0,37.6,0.0,0.0,0.4,6.8,6.3,7.2
2003-04-08,2003-04-10,17.57966881579335,0.2321042756400154,0.1761973210281702,0.1480251019893704,0.2200000018047526,0.220961506556719,0.2200880324712726,20.5,20.4,22.0,35.1,37.2,36.5,0.0,0.0,0.0,6.1,5.4,5.9
2003-04-11,2003-04-13,13.68960907076534,0.2101320399148942,0.1631538242066779,0.3616041928717358,0.2200080948944567,0.2200007446477221,0.2363649598523516,19.9,23.6,17.0,35.7,36.2,32.0,0.0,0.0,27.4,6.8,6.4,4.4
2003-04-14,2003-04-16,1.0961753789418127,0.1763985238517718,0.1479424742009364,0.1252489581283417,0.2234777492989085,0.220314432821083,0.2200288808768062,19.9,20.9,23.8,37.6,38.0,39.0,0.0,0.0,0.0,6.6,6.1,6.7
2003-04-17,2003-04-19,16.849084755717175,0.2222498137491424,0.1644321176706071,0.1443406367377095,0.220002656473532,0.220186479242119,0.2200171390848001,25.4,25.0,23.4,39.6,39.0,37.8,0.0,0.0,0.0,6.5,7.0,4.2
2003-04-20,2003-04-22,12.189179515955502,0.1892478233143784,0.1378837185768328,0.1124070832835497,0.2200015765506079,0.2200001450312407,0.2200000133419183,22.4,23.4,21.6,39.2,38.8,37.8,0.0,0.0,0.0,7.0,6.5,5.4
2003-04-23,2003-04-25,16.698498659369765,0.2145104950273303,0.1553774716775857,0.1182332489534159,0.2200000012273693,0.22000000011291,0.220000000010387,22.4,23.3,21.5,39.2,40.3,38.8,0.0,0.0,0.0,5.9,6.3,6.7
2003-04-26,2003-04-28,17.5473672541792,0.2090408078211003,0.1420472995547139,0.100156612562946,0.2200000000009555,0.2200000000000878,0.2200000000000079,20.9,20.2,20.8,40.4,39.0,38.3,0.0,0.0,0.0,7.7,7.6,7.7
2003-04-29,2003-05-01,20.44577404955333,0.2199614850460997,0.1451575761234679,0.0988616605616497,0.2200000000000007,0.22,0.22,23.0,23.0,22.3,37.8,37.8,37.3,0.0,0.0,0.0,7.7,7.7,7.3
2003-05-02,2003-05-04,20.13447632101036,0.2199676678290048,0.1372471441601988,0.0888760391709594,0.22,0.22,0.22,22.6,24.5,25.1,38.8,40.3,40.3,0.0,0.0,0.0,7.3,7.8,6.5
2003-05-05,2003-05-07,20.25334830645867,0.2111906132552022,0.1309770886032417,0.0870615862762744,0.22,0.22,0.1936344285725768,22.6,22.0,21.3,40.6,39.9,40.2,0.0,0.0,0.0,7.3,7.3,7.5
2003-05-08,2003-05-10,24.170652461896417,0.2529577962072157,0.1480997073954832,0.0871792037529652,0.1936344285725768,0.2189923361518394,0.2074042464376046,22.2,24.2,24.6,39.9,40.2,39.9,0.0,0.0,0.0,6.9,6.9,6.6
2003-05-11,2003-05-13,21.790859335675275,0.2358771904861864,0.1620237547884275,0.1081959778110439,0.2074042464376046,0.220176387110918,0.2200162123373333,22.3,21.8,22.7,39.8,40.0,38.8,0.0,0.0,0.0,6.3,5.4,4.9
2003-05-14,2003-05-16,16.562777697738372,0.2210955717263565,0.1717669262462207,0.1054171057710004,0.2200014913099204,0.2200912499128385,0.2127608914001801,22.3,24.2,23.5,40.4,39.4,41.8,0.0,0.0,0.0,4.8,4.4,6.7
2003-05-17,2003-05-19,19.53973196912329,0.2335605321258436,0.1537603459085392,0.0904167596810763,0.2020246484803153,0.2005403024803281,0.1672221753434593,23.3,23.3,25.2,42.5,42.7,41.6,0.0,0.0,0.0,7.1,7.4,8.8
2003-05-20,2003-05-22,25.0,0.2710014134202766,0.1556805489701833,0.0928012599034349,0.1399766930477433,0.1652279646059239,0.1369398737984776,22.7,21.5,21.4,41.2,41.3,41.8,0.0,0.0,0.0,8.8,8.2,8.3
2003-05-23,2003-05-25,25.0,0.2744698876289695,0.1567298860760941,0.0944867723802449,0.1086124601929419,0.1362845439536728,0.1117553118735034,25.6,22.1,23.8,42.3,40.8,41.4,0.0,0.0,0.0,8.8,8.2,7.9
2003-05-26,2003-05-28,25.0,0.2780352643184662,0.158058239144475,0.0946804857358855,0.0898660579495422,0.1230714399347843,0.0897924724595551,22.2,24.8,22.8,42.0,41.8,40.8,0.0,0.0,0.0,8.2,7.9,8.8
2003-05-29,2003-05-31,25.0,0.2792580913704885,0.1585322354353062,0.0964698000147119,0.0897924724595551,0.123747441057604,0.1001374556017905,24.4,24.0,27.4,40.7,41.1,42.2,0.0,0.0,0.0,7.9,7.9,7.8
2003-06-01,2003-06-03,25.0,0.2810032364160094,0.1586912460042469,0.0979049260550555,0.0998001171759967,0.1342433307828349,0.1192429639194893,26.6,26.7,25.2,41.5,42.8,42.0,0.0,0.0,0.0,8.1,8.0,6.9
2003-06-04,2003-06-06,25.0,0.2837130360724299,0.1580132060084489,0.09528304623076,0.1010581482874105,0.132299485459806,0.0984576439455377,28.0,26.6,26.2,41.6,42.7,41.7,0.0,0.0,0.0,7.5,8.6,8.8
2003-06-07,2003-06-09,25.0,0.279440053487249,0.1605148851794198,0.098756245436829,0.0984576439455377,0.1396016842170037,0.1192686901186398,25.7,27.0,25.1,40.4,39.0,39.6,0.0,0.0,0.0,8.6,7.1,7.5
2003-06-10,2003-06-12,25.0,0.2863292433991865,0.186977188927036,0.2492248185388416,0.1095181206238096,0.1704042648749384,0.165371520420008,25.2,21.8,19.5,39.4,38.2,37.7,0.0,2.6,12.4,6.6,5.9,6.1
2003-06-13,2003-06-15,16.469274488908944,0.3274928716781942,0.1633585582696978,0.1246624335805896,0.1905341504437458,0.2192971873866921,0.219020238073587,22.4,21.9,21.7,35.8,36.2,35.3,0.2,0.2,2.2,5.8,6.1,5.6
2003-06-16,2003-06-18,16.06730740022133,0.2309433059166569,0.1584970307576314,0.0982411172684549,0.219020238073587,0.2104259730177904,0.1968392255642312,21.7,21.4,22.9,32.8,34.9,35.4,0.0,0.0,0.0,5.0,6.7,6.8
2003-06-19,2003-06-21,21.884266094273578,0.2540035888453921,0.1580724936790797,0.0971149883737367,0.1828872573369047,0.1920984827046717,0.1718282315387583,22.2,22.2,22.2,36.0,36.2,36.7,0.0,0.0,0.0,7.1,8.0,7.5
2003-06-22,2003-06-24,24.23277564712565,0.2880013368827816,0.1625108962026293,0.1586254210828527,0.1672630555667205,0.2155375469530398,0.2155375469530398,21.0,21.6,20.0,34.6,34.4,31.2,1.0,0.0,3.5,6.1,6.2,3.6
2003-06-25,2003-06-27,8.278547511977665,0.2256392226239935,0.3120016520229864,0.1641731041332866,0.2155375469530398,0.2200616568361371,0.2244703916370323,19.6,19.6,21.3,29.8,30.2,32.8,2.2,13.6,0.0,3.5,3.6,5.6
2003-06-28,2003-06-30,11.102701607118146,0.2159763797281438,0.1811304076221096,0.1281739010504579,0.211589430453509,0.211589430453509,0.211589430453509,21.5,21.4,21.4,34.4,31.8,33.2,0.3,0.8,0.0,6.6,4.0,5.0
2003-07-01,2003-07-03,15.348302461554006,0.2244267458715806,0.1782545310113679,0.1206716836249865,0.211589430453509,0.2156178544149918,0.2156178544149918,21.7,21.5,22.0,33.2,31.8,33.7,0.0,0.0,0.0,5.4,4.0,5.5
2003-07-04,2003-07-06,16.128284738638147,0.2237209856262311,0.1842043771005337,0.3690292965975183,0.2156178544149918,0.2190028274549659,0.41,20.6,21.9,18.9,33.2,30.1,31.4,0.0,0.0,50.0,5.6,3.5,4.0
2003-07-13,2003-07-15,7.3709518418837074,0.2062584008484685,0.1538409251988436,0.3648588425593938,0.2202136306458164,0.2200196319042017,0.41,21.4,22.2,19.8,32.7,33.4,32.7,0.0,0.0,60.0,5.4,5.6,4.9
2004-03-30,2004-04-01,3.2875038260278604,0.1906978110856662,0.1702991785814084,0.1391911514794503,0.22,0.22,0.22,23.5,21.4,24.7,37.2,34.8,35.4,0.0,4.0,0.0,6.4,5.8,5.3
2004-04-02,2004-04-04,11.709999999999996,0.2177929051160243,0.1745402485973627,0.1462353903298832,0.22,0.22,0.22,21.5,23.1,24.2,35.4,36.2,36.0,2.2,0.0,0.0,5.5,4.8,5.5
2004-04-08,2004-04-10,12.84967119556726,0.2111879785787848,0.1630081277458276,0.1367584545696749,0.220035528856034,0.2200032678498388,0.2200003006160146,21.4,19.8,20.9,36.7,36.8,37.2,0.0,0.0,0.0,6.4,6.3,6.1
2004-04-11,2004-04-13,15.02948407760562,0.2155595020459559,0.1657286735355113,0.1376518251940157,0.2200000276546708,0.2200000025440489,0.2200000002340358,23.0,23.0,24.4,38.4,38.4,39.0,0.0,0.0,0.0,6.5,6.4,6.4
2004-04-14,2004-04-16,15.269221530960271,0.2177530978767762,0.1643753551936426,0.1339744482108653,0.2200000000215297,0.2200000000019806,0.2200000000001822,27.2,24.5,24.5,40.2,39.9,40.0,0.0,0.0,0.0,6.6,7.0,7.1
2004-04-17,2004-04-19,16.408761443171628,0.2178868822507582,0.1671471384842699,0.1362921621920803,0.2200000000000167,0.2200000000000015,0.2200000000000001,22.7,22.8,22.7,39.4,40.5,38.7,0.0,0.0,0.0,7.3,7.2,7.2
2004-04-20,2004-04-22,16.288204267478235,0.2276924512369955,0.1666587993720093,0.1336903921595925,0.22,0.2206226603729566,0.2200571046352309,23.4,24.0,23.9,39.0,39.0,39.0,0.0,0.0,0.0,6.5,6.2,6.4
2004-04-23,2004-04-25,9.467728387826664,0.2287900018625286,0.1704838681266777,0.1112312047419409,0.2200052517733355,0.2207086612180526,0.2200649641535016,23.2,22.4,22.0,38.0,36.4,36.5,6.2,0.0,0.2,5.6,5.0,7.7
2004-04-26,2004-04-28,17.546138940910843,0.2420246037303535,0.1561160900513779,0.112382803788956,0.220005974362149,0.2216736958182198,0.2201526966046698,24.1,23.8,24.1,34.2,37.4,39.4,1.8,0.0,0.0,5.7,6.5,7.1
2004-04-29,2004-05-01,18.56501867800052,0.2155916735522772,0.1528002613355152,0.109624762929699,0.2200140365051097,0.2200012911774339,0.2200001187791422,22.4,24.1,25.2,39.8,36.4,36.7,0.0,0.0,0.0,7.5,6.3,6.4
2004-05-02,2004-05-04,18.07380591838982,0.2222293463069424,0.145946481104445,0.0969702463857646,0.2200000109268997,0.2201845617644085,0.2200169630123985,25.0,25.8,25.5,37.4,38.0,35.0,0.0,0.0,0.0,6.2,6.8,6.2
2004-05-05,2004-05-07,19.111888948398825,0.2375543996382967,0.1720422031734062,0.1182201649143152,0.2200015603558218,0.2213613721482581,0.2201243955531602,23.3,24.8,24.3,32.8,32.8,33.2,0.0,0.0,0.0,4.6,4.5,4.9
2004-05-08,2004-05-10,14.76220382590911,0.2046466877176668,0.1365530956944521,0.0869902691073773,0.2200114365535726,0.2200010520289251,0.1893918154470801,24.0,23.6,24.2,33.6,33.4,37.0,0.8,0.0,0.0,6.3,6.2,7.3
2004-05-11,2004-05-13,24.37711079192892,0.2594601427289648,0.1507627695333065,0.2702686676398543,0.1860160346298884,0.2100221633420988,0.2046066124404706,25.6,24.0,21.0,38.4,39.0,37.2,0.0,0.0,19.0,6.8,7.5,6.8
2004-05-14,2004-05-16,5.38971741002716,0.2081673524575055,0.1532638908766524,0.1495483608037229,0.2136602008119452,0.2136602008119452,0.211296767492342,23.4,26.2,23.0,36.2,35.8,36.7,0.0,0.0,6.2,7.1,5.0,6.2
2004-05-17,2004-05-19,14.327896339253284,0.2594943368952416,0.3561973825801608,0.1732040016619684,0.211296767492342,0.3119952587850351,0.2237119179139144,23.4,22.0,23.2,33.2,33.8,32.8,0.4,33.4,0.0,3.4,4.9,4.6
2004-05-20,2004-05-22,9.450791625194602,0.2051267435540357,0.1403171630526826,0.0866166322529935,0.2203352090723825,0.211276082813839,0.1859231611274071,23.8,23.9,24.0,34.4,35.2,36.3,0.0,0.0,0.0,5.7,6.7,7.2
2004-05-23,2004-05-25,24.655345248612115,0.2677219688303006,0.1581382507596656,0.096902230028982,0.1712204892794183,0.2006539738590773,0.1872299580536739,24.5,25.2,24.9,37.2,38.0,37.6,0.0,0.0,0.0,7.3,7.3,6.8
2004-05-26,2004-05-28,23.056003653608705,0.263393082979678,0.1597503344599369,0.3036866331354953,0.1755415703231345,0.2067208982311623,0.2067208982311623,26.3,24.0,17.6,38.7,38.4,33.7,0.0,0.0,19.2,6.9,6.6,4.2
2004-05-29,2004-05-31,0.9912893151232548,0.1902349290544568,0.128817447747278,0.0897117813124931,0.224049066958806,0.2183173946850509,0.2165271816660996,22.3,25.0,22.5,30.8,36.8,36.3,0.0,0.0,1.4,3.7,5.8,5.0
2004-06-01,2004-06-03,18.869587945373613,0.2163649400314039,0.1537179930893729,0.0960159519814979,0.2115971216641291,0.2028798109673928,0.2001968461536421,26.1,25.4,25.0,37.0,38.2,36.8,0.0,0.0,0.0,6.1,6.5,5.5
2004-06-04,2004-06-06,11.41850059216257,0.237687986584848,0.2158408585194503,0.1886010425634529,0.1913458606644003,0.2075495507602634,0.1940021849763507,22.4,23.3,21.8,37.4,29.7,36.6,9.0,2.4,3.6,6.5,2.7,7.0
2004-06-07,2004-06-09,13.41871817399102,0.2844278355315347,0.1637729762970446,0.1446316332214046,0.1940021849763507,0.2226228435664649,0.2179213378849165,23.2,22.9,22.7,33.0,35.2,34.9,0.0,0.0,4.2,3.5,5.5,5.8
2004-06-10,2004-06-12,14.095816372429868,0.2234908858788984,0.1582427365739871,0.1032601156633217,0.2100585874572964,0.2054063077228717,0.2022196771794314,24.2,23.8,24.0,34.4,34.6,34.0,0.0,0.0,0.5,6.4,6.4,5.8
2004-06-13,2004-06-15,19.779170475401266,0.2661629417621902,0.1862273308656038,0.1405163024359862,0.2022196771794314,0.2220218747564746,0.2201841420785135,24.2,23.4,23.5,30.4,29.8,32.0,0.0,0.0,0.0,3.2,3.4,4.2
2004-06-16,2004-06-18,12.521102842961753,0.2059204783860858,0.1613765810540988,0.1669318540123143,0.2200169244742932,0.2200015568111604,0.2200001432153683,24.4,23.2,22.6,33.4,31.6,31.6,0.0,0.0,6.2,5.5,4.1,5.2
2004-06-19,2004-06-21,10.954472704178452,0.2189973182579084,0.1615689987646529,0.1015075097957634,0.22000001317487,0.220000001212002,0.21402337798346,23.0,23.4,22.8,32.2,33.2,33.8,0.0,0.0,0.0,5.3,5.3,6.1
2004-06-22,2004-06-24,19.053811109692568,0.2294748710331744,0.1581050662934362,0.0977449756789327,0.2030432339815838,0.19984683299846,0.1846273233023159,23.5,23.4,23.8,34.8,34.8,35.2,0.0,0.0,0.0,6.8,6.9,7.0
2004-06-25,2004-06-27,23.327960031064748,0.2686317581854147,0.1770801807268422,0.1221620582127574,0.1747440524558303,0.2110061337865219,0.2110061337865219,23.4,22.1,23.4,34.8,35.7,33.6,0.0,1.8,0.0,6.7,6.8,5.1
2004-06-28,2004-06-30,16.17181225140849,0.2221393375448964,0.159307422373597,0.1377636139722025,0.2049672673328956,0.206768655869466,0.206768655869466,23.7,23.3,23.2,35.2,33.7,32.0,0.0,0.0,2.0,6.3,5.7,3.9
2004-07-01,2004-07-03,13.69438084013944,0.2386882497053609,0.3583947556961461,0.213820238035487,0.206768655869466,0.41,0.2209851760474747,23.2,21.7,22.6,32.0,33.7,30.1,0.0,63.4,3.2,3.4,4.9,3.9
2004-07-07,2004-07-09,16.6307795412144,0.2235724914868281,0.1750507207379249,0.1272327951239981,0.2200075051645548,0.2202948149555496,0.220027081588319,24.0,24.2,24.4,34.2,33.7,33.1,0.0,0.0,0.0,5.6,4.5,4.8
2004-07-10,2004-07-12,2.061792561392678,0.2156095849280254,0.1873513518818777,0.180270315882641,0.2200024909964468,0.2200002291526026,0.2200000210805203,22.4,22.8,21.2,33.7,30.0,32.4,12.0,0.0,4.2,5.3,2.9,5.1
2005-03-30,2005-04-01,2.398140508175234,0.1913339476648076,0.1612255205444508,0.1409090587921684,0.22,0.22,0.22,20.3,21.4,23.2,37.4,37.3,36.8,0.0,0.0,0.0,5.5,5.6,5.7
2005-04-02,2005-04-04,14.179999999999996,0.2255111747146078,0.1702028936543704,0.1438962503895557,0.22,0.2204501719383906,0.2200413208612804,24.5,23.1,19.7,35.3,35.3,35.0,0.0,0.0,0.0,5.2,5.7,5.4
2005-04-05,2005-04-07,13.54971940822799,0.2100971432738513,0.1622623316832076,0.1340481221459384,0.2200038004744423,0.2200003496122935,0.2200000321619943,22.1,21.3,20.4,37.2,34.2,34.6,0.0,0.0,0.0,6.3,6.1,6.6
2005-04-08,2005-04-10,15.859506133767995,0.2244484237744677,0.2324599139735872,0.1706709618660682,0.2200000029586932,0.2203649576011562,0.2210179490067107,22.3,22.8,20.5,35.9,37.2,37.0,0.0,7.4,0.0,6.2,5.6,5.8
2005-04-11,2005-04-13,11.29937482659864,0.2253711598714539,0.1850649451224656,0.1536637036296855,0.2200931740596151,0.2204471417440301,0.2200410433378987,23.7,22.3,25.2,37.2,36.0,35.8,0.0,1.4,0.0,5.3,5.4,6.0
2005-04-14,2005-04-16,13.229069891215264,0.2232643716348857,0.1860430151233783,0.1485001068685582,0.2200037749544799,0.22026945203028,0.2200247548630516,22.5,23.4,22.9,36.4,35.7,37.0,0.0,0.0,0.9,5.7,3.5,5.3
2005-04-17,2005-04-19,0.3788211428038188,0.2189018561734721,0.1717741475880271,0.1378438408310604,0.2200022770076615,0.2200002094674938,0.2200000192696227,21.3,22.5,23.6,35.8,36.3,37.4,12.6,0.0,0.0,5.4,4.9,6.0
2005-04-20,2005-04-22,14.818091531670344,0.2200462364474083,0.1621742822604122,0.1312245329956472,0.2200000017726793,0.2200038616137256,0.220000355236496,24.4,22.0,22.2,37.8,35.2,36.7,0.0,0.0,0.0,6.0,6.4,5.9
2005-04-23,2005-04-25,15.367329235668592,0.2156298578939636,0.1610449829567021,0.1383321350983734,0.2200000326793823,0.2200000030062893,0.2200000002765589,23.2,23.5,23.4,38.3,38.1,35.4,0.0,0.0,0.0,6.3,5.8,3.8
2005-04-26,2005-04-28,3.5475689463449163,0.1936522460699244,0.134799435522463,0.0969145041532055,0.2200000000254416,0.2200000000023404,0.2200000000002153,20.5,22.2,24.6,35.8,35.2,37.4,8.8,0.0,0.0,6.2,5.9,6.2
2005-04-29,2005-05-01,19.12445000181024,0.2134268895584259,0.1439741511823743,0.0978820827723182,0.2200000000000198,0.2200000000000018,0.2200000000000002,22.6,24.0,23.7,38.3,39.2,37.8,0.0,0.0,0.0,6.8,6.9,7.0
2005-05-02,2005-05-04,19.90135888263448,0.2101037889424126,0.1406059864428568,0.1102328073877991,0.22,0.22,0.22,23.0,22.8,23.4,39.3,36.7,33.2,0.0,0.0,0.0,7.9,6.5,3.9
2005-05-05,2005-05-07,15.263491912268409,0.1980745134789543,0.1541516739352493,0.0926653542895495,0.22,0.22,0.22,24.1,23.4,24.7,36.0,33.4,37.0,0.0,0.0,0.0,5.9,4.0,5.6
2005-05-08,2005-05-10,18.87863196457,0.2046393728045593,0.1585313495539064,0.1069372595693256,0.2188625465082653,0.2188625465082653,0.2188625465082653,26.0,28.8,24.4,40.1,40.1,39.3,0.0,0.0,0.0,7.1,4.2,4.7
2005-05-11,2005-05-13,16.579408998458092,0.1999592951306951,0.12947764778603,0.0878499178909898,0.211503100561576,0.2062472900839983,0.1732379948757524,25.2,24.4,24.0,40.0,39.8,40.6,0.0,0.0,0.0,7.3,6.9,6.8
2005-05-14,2005-05-16,25.0,0.2679055793686205,0.1537038058509297,0.0913166801765429,0.1619623459660925,0.1927513779169666,0.1750203529588683,20.7,21.0,23.5,40.3,40.8,41.4,0.0,0.0,0.0,7.4,7.6,7.3
2005-05-17,2005-05-19,25.0,0.2729730230901304,0.1555481269353036,0.0933403462069493,0.1599551550746957,0.1928753292709222,0.1749695813092784,25.2,26.3,27.0,42.7,42.7,42.4,0.0,0.0,0.0,7.6,7.7,7.3
2005-05-20,2005-05-22,25.0,0.2765935887967438,0.1581169235274322,0.0965466641162589,0.1594091339499458,0.1999693230867897,0.1880136062123566,26.2,25.6,26.4,42.0,40.0,41.0,0.0,0.0,0.0,7.5,7.1,6.7
2005-05-23,2005-05-25,22.90259762856065,0.2601202495522642,0.1612212783242258,0.1054240884642919,0.1733564098075989,0.2110284905423035,0.1963056174335818,26.8,26.2,28.2,40.9,41.6,42.5,0.0,0.3,0.0,7.3,5.9,7.2
2005-05-26,2005-05-28,21.73108805715214,0.2799377028545712,0.1619007077128932,0.099672224462779,0.1963056174335818,0.2208006429692464,0.2043897630571762,25.9,27.9,26.5,37.5,40.1,39.9,0.0,0.0,0.0,3.9,5.8,7.1
2005-05-29,2005-05-31,21.181208301499687,0.249489247175992,0.1592971687562463,0.1099167597412583,0.1904731079056893,0.2082405129654407,0.2082405129654407,23.2,25.2,25.0,40.1,38.3,36.2,0.2,0.0,0.0,7.1,6.6,4.5
2005-06-01,2005-06-03,14.328040901498795,0.2188120637350331,0.1559951637631247,0.0963133814916282,0.2014932986896358,0.1918860985134992,0.1791439876226539,23.2,26.5,25.1,38.7,37.8,39.4,2.8,0.0,0.0,6.3,6.6,6.6
2005-06-04,2005-06-06,23.702389316234186,0.2708243033356944,0.1634476725349998,0.1168830031747052,0.1703305775651213,0.2127249391280482,0.2127249391280482,27.4,26.4,26.6,40.2,40.1,38.6,0.0,0.5,0.0,6.5,6.4,4.7
2005-06-07,2005-06-09,8.89299184869326,0.2159510204225826,0.1534592501317915,0.0939818266122801,0.2010974107726469,0.1913533891737879,0.1710032361805102,24.6,25.5,26.4,39.4,39.9,40.0,7.3,0.0,0.0,6.8,6.6,7.3
2005-06-10,2005-06-12,25.0,0.2818829155454752,0.183901101052313,0.1203817562704504,0.1631774469124122,0.2220822742590358,0.204090788212398,25.2,22.8,26.0,39.6,36.2,38.5,0.0,2.2,0.0,6.4,5.5,7.3
2005-06-13,2005-06-15,19.51181423503402,0.2536333793773402,0.2295185140502409,0.1631819160128627,0.1973061412020293,0.1973265922943618,0.2060107296340597,27.7,21.8,25.0,37.3,39.8,37.6,0.0,7.2,0.0,6.3,8.1,5.3
2005-06-16,2005-06-18,8.04524606976801,0.2285173971740917,0.164285695547833,0.1032867446320196,0.1919633304309085,0.1997302124949333,0.1912954734957449,22.2,23.8,25.5,38.4,35.6,37.2,4.8,0.0,0.0,7.1,5.2,6.4
2005-06-19,2005-06-21,21.48336899150017,0.2552019379891916,0.1599215661769785,0.0981199821065569,0.1783381154370243,0.1988928603641151,0.1762969304065748,24.2,24.6,24.6,36.8,36.0,37.6,0.0,0.0,0.0,7.0,6.9,7.8
2005-06-22,2005-06-24,24.9997514027962,0.2866760881723073,0.1830260562179638,0.1279900376264295,0.1717937546398852,0.2212301149100292,0.2201124752737206,25.2,24.8,25.2,35.6,33.4,35.4,0.0,0.0,0.0,6.1,3.8,5.1
2005-06-25,2005-06-27,13.903601859153422,0.2265080827782825,0.1998011427721901,0.1649034204192367,0.2200103412476267,0.219907229662054,0.219907229662054,24.4,24.0,22.8,33.6,35.5,31.2,0.8,4.0,0.6,4.5,5.7,3.8
2005-06-28,2005-06-30,2.0097752571469414,0.2126126857227433,0.3496009399290594,0.2518301210760515,0.219907229662054,0.219907229662054,0.2240842306070555,22.2,21.6,22.4,32.0,29.0,31.5,7.6,18.4,7.4,4.5,3.3,4.3
2005-07-01,2005-07-03,2.338065198436412,0.1945995166746007,0.1478111730893378,0.0962443526414372,0.2224632675937631,0.2188550411512064,0.2188550411512064,23.8,23.6,23.5,32.5,33.8,32.8,0.0,1.5,0.2,4.8,6.0,5.2
2005-07-04,2005-07-06,3.329176617024629,0.2173560198623548,0.171974870361853,0.1146679736628672,0.2188550411512064,0.2188550411512064,0.2188550411512064,22.0,23.4,23.2,32.8,31.6,32.5,14.6,0.0,0.0,5.6,4.4,5.6
2005-07-07,2005-07-09,15.570689669898568,0.2195202699674735,0.3707839662088987,0.385107311105804,0.2188550411512064,0.4009736871088086,0.378955293494737,23.8,22.0,21.8,33.5,32.0,26.6,0.8,50.4,45.1,5.8,3.9,2.5
2005-07-13,2005-07-15,3.177140121889375,0.20421180952203,0.3559755466012207,0.1951860434789947,0.2203772294750747,0.2200346380366006,0.2238622281646575,22.4,23.2,23.8,30.5,30.8,29.6,1.4,20.2,0.0,4.2,4.1,3.1
2006-03-30,2006-04-01,2.752166036673063,0.1943506187630625,0.160446375735838,0.1400515228042209,0.22,0.22,0.22,21.0,19.4,21.8,35.0,35.8,36.4,0.0,0.0,0.0,5.4,6.2,5.8
2006-04-02,2006-04-04,14.37,0.2210543105379321,0.1943657604942614,0.161546703038846,0.22,0.2200876970637905,0.2200080640659175,24.4,22.4,21.3,37.0,37.4,36.0,0.0,2.9,0.0,5.7,5.5,5.8
2006-04-05,2006-04-07,12.229637766012996,0.2200471735747221,0.1716265985941299,0.1434198436681974,0.2200007418119239,0.2200040079132365,0.2200003686945738,21.5,21.2,21.5,37.5,38.0,38.5,0.0,0.0,0.0,5.8,5.9,6.2
2006-04-08,2006-04-10,14.479441605859424,0.2189206686840384,0.169498683019088,0.1410613102317171,0.2200000339174335,0.2200000031201821,0.2200000002870364,21.7,22.4,24.4,39.4,39.4,38.8,0.0,0.0,0.0,6.3,6.4,6.6
2006-04-11,2006-04-13,15.14914375508343,0.2254616824167134,0.1710706166033508,0.3385121275829517,0.2200000000264055,0.2204462205443918,0.2921120350432866,23.7,21.8,19.0,38.2,37.8,38.2,0.0,0.0,33.6,6.1,5.9,6.5
2006-04-14,2006-04-16,2.8677651843367897,0.1994109225940928,0.1619726448728354,0.1357709995933759,0.2242662676489542,0.2203841936917253,0.220035276291183,22.8,20.0,22.8,36.6,35.8,36.0,0.0,0.0,0.0,5.0,6.2,6.6
2006-04-20,2006-04-22,12.077894459468665,0.2288273565192362,0.1614145033976212,0.1279052352940419,0.2200154804459242,0.2207124241036418,0.2200653078858322,21.4,21.4,21.4,32.8,34.4,34.7,0.0,0.0,0.0,4.7,6.0,5.9
2006-04-23,2006-04-25,15.69678564941336,0.2189098078205323,0.1615454130885722,0.1258134989040817,0.2200060059629502,0.2200005524930266,0.2200000508256149,21.6,22.2,24.0,35.5,37.0,36.6,0.0,0.0,0.0,6.0,6.0,6.2
2006-04-26,2006-04-28,16.23522639368766,0.2222174986252939,0.1611260445427388,0.1181001489583866,0.2200000046756238,0.2201835891597847,0.2200168737016969,23.4,22.6,21.4,37.4,37.0,38.2,0.0,0.0,0.0,6.0,5.8,6.7
2006-04-29,2006-05-01,17.55278227564864,0.2222060619717036,0.1593817032297288,0.1171774341578949,0.2200015521411919,0.220182790287158,0.2200168003435223,21.0,21.8,23.0,38.0,38.2,38.3,0.0,0.0,0.0,6.5,5.8,5.9
2006-05-02,2006-05-04,16.76123270234087,0.2079050782195851,0.1436037118325637,0.0962596865284864,0.22000154539384,0.2200001421650654,0.2200000130782493,24.2,25.0,22.0,39.4,36.4,35.6,0.0,0.0,0.0,7.0,5.9,5.9
2006-05-05,2006-05-07,18.84815036004556,0.2144805633155197,0.1453267524204184,0.0864750794890526,0.2200000012031135,0.2200000001106785,0.211212186938112,23.0,22.4,22.6,37.0,36.8,38.4,0.0,0.0,0.0,6.4,6.3,6.6
2006-05-08,2006-05-10,21.47388567371333,0.2309768063162431,0.1916265555028523,0.1197369768612393,0.211212186938112,0.2164307734245518,0.2158991774060586,24.8,22.0,26.0,39.0,39.8,39.6,0.0,4.6,0.0,6.4,7.2,6.6
2006-05-11,2006-05-13,17.682117466010613,0.2285302147027838,0.1502855105576169,0.0889358021844342,0.2158991774060586,0.2150936872634639,0.2007422258285985,21.0,22.2,22.4,39.7,39.6,39.6,0.0,0.0,0.0,6.2,6.9,6.9
2006-05-14,2006-05-16,22.6101169808048,0.2466154052255615,0.15369511301062,0.0917227433091188,0.194562668202754,0.209593275748771,0.194775295198551,26.2,25.6,23.4,39.6,39.8,40.0,0.0,0.0,0.0,6.8,7.1,7.0
2006-05-17,2006-05-19,23.02903502517212,0.2545748292824806,0.1571714726271956,0.1021958961868017,0.1832312665177901,0.2054662843780635,0.1926444380629429,25.5,24.5,23.0,40.2,40.0,38.4,0.0,0.3,0.0,7.2,7.2,7.1
2006-05-20,2006-05-22,22.30819629543709,0.2770138336572221,0.1597273840883315,0.0975822863341026,0.1926444380629429,0.2169856912789127,0.2045431093213395,23.6,25.2,23.5,34.7,36.6,37.2,0.0,0.0,0.0,4.4,6.3,6.8
2006-05-23,2006-05-25,21.248767971180207,0.2457646257334717,0.1611628871310379,0.1189322922131372,0.1953585314673495,0.2075795017279128,0.206193226220879,25.0,23.2,22.8,37.4,37.0,35.6,0.0,0.5,2.0,6.7,7.1,5.8
2006-05-26,2006-05-28,2.8516870424934666,0.2371233163702799,0.2316134733603593,0.1815214241731274,0.206193226220879,0.2201709077861479,0.2209385341890994,22.0,21.4,23.6,34.8,32.7,31.5,15.0,6.4,0.0,5.5,4.9,3.6
2006-05-29,2006-05-31,6.788546919377336,0.2023726489095484,0.1410885525210124,0.0878299167086658,0.2200859389892915,0.2198708110442161,0.2029338774708991,23.3,24.4,24.3,35.0,33.4,35.0,1.0,0.0,0.0,5.2,5.6,6.4
2006-06-01,2006-06-03,21.949556938566367,0.2590662447931782,0.2080749411708702,0.1493500281535114,0.2029338774708991,0.212019327387132,0.2116550076640468,23.2,22.8,22.2,31.8,34.7,33.2,0.0,4.8,0.2,4.4,6.6,5.6
2006-06-04,2006-06-06,9.43204024778417,0.2273253511795126,0.1625197713679672,0.1303635398624316,0.2038055545314749,0.2104814429603031,0.2104814429603031,22.4,23.4,23.0,34.2,33.0,30.4,4.6,0.0,0.4,6.4,5.3,3.3
2006-06-07,2006-06-09,13.52627691089844,0.2044205696792806,0.1422588530336651,0.088687018652627,0.2081833769249919,0.2003327855796188,0.186139282533584,23.6,23.9,24.8,34.5,34.8,36.5,0.0,0.0,0.0,5.8,6.4,6.2
2006-06-10,2006-06-12,23.296533742707304,0.2590613085566386,0.1727019545421505,0.1113052328036333,0.1755640120105072,0.2117337549720105,0.2077231984135904,24.4,23.5,25.4,37.0,35.4,35.6,0.0,0.0,0.0,6.7,4.6,6.0
2006-06-13,2006-06-15,18.140727829693724,0.2368237555945916,0.1600576864792413,0.1133061396256503,0.2065296490138238,0.2162447964195913,0.2162447964195913,25.2,25.4,24.3,36.6,36.5,35.0,0.5,0.0,0.0,5.7,6.0,4.3
2006-06-16,2006-06-18,2.025154685359112,0.2082517618397235,0.1949479655885587,0.2109898838677346,0.2068558672557847,0.2068558672557847,0.199414525226634,21.7,23.3,22.8,37.4,30.4,36.0,13.7,1.6,7.8,6.6,2.7,6.4
2006-06-19,2006-06-21,7.499940704114596,0.2644862565648638,0.2840281501371188,0.1830424820698804,0.199414525226634,0.2162148709172522,0.2237109965193199,22.0,22.0,23.5,33.0,35.8,31.0,2.4,12.7,0.3,4.2,6.2,3.8
2006-06-22,2006-06-24,6.2296436767119765,0.2247621184004767,0.1963336051420846,0.2113684827244234,0.2203351274209861,0.2204196466458032,0.2200385247906115,22.5,24.6,23.0,32.3,29.2,29.4,1.4,0.2,4.2,3.2,2.4,2.5
2006-06-25,2006-06-27,3.556512241766133,0.2113713208017712,0.1629204880024222,0.1031380718058447,0.2200035433555449,0.22000032595989,0.2184660936316494,22.7,22.4,23.3,29.2,31.1,32.8,0.0,0.0,0.0,3.3,4.5,5.7
2006-06-28,2006-06-30,17.171635255106292,0.2219184099989258,0.2073203786485829,0.1796526278210201,0.2170654996602479,0.2188091003924477,0.2188091003924477,23.5,23.4,23.6,33.5,32.1,27.9,0.8,3.1,0.0,5.8,4.1,2.6
2006-07-01,2006-07-03,6.916775082756285,0.2054294390553048,0.1559804170949388,0.1262063629081478,0.2188091003924477,0.2188091003924477,0.2188091003924477,23.4,24.6,23.9,32.4,33.5,31.7,0.0,0.0,1.1,4.1,4.7,3.9
2006-07-04,2006-07-06,11.07740541867911,0.22875068403428,0.2179977707615158,0.1576496798443238,0.2188091003924477,0.2206036263914947,0.2200553642333246,23.4,21.4,22.8,28.8,25.4,32.0,2.5,2.3,0.0,3.2,2.5,5.9
2006-07-07,2006-07-09,12.274809091719217,0.2215710914897846,0.1558811322189212,0.0956517808280251,0.2200050917565855,0.2170537639444414,0.2155781263177012,22.5,23.6,23.3,32.8,34.8,34.4,0.0,0.0,0.0,5.8,6.7,6.2
2006-07-10,2006-07-12,19.040498901763627,0.2269726903303109,0.1690241461113625,0.1151820678664205,0.2155781263177012,0.2201759904643185,0.2200161759118956,22.8,23.5,22.5,33.4,32.6,34.0,0.0,0.0,0.0,6.0,5.3,5.6
2006-07-13,2006-07-15,15.864207824494212,0.227343061135862,0.1692360113250149,0.1379534866568161,0.2200014879595533,0.220595378670906,0.2200546099878568,23.2,23.3,24.2,33.0,33.6,31.6,0.0,0.0,0.0,4.9,5.5,3.4
2007-03-30,2007-04-01,5.768216370370548,0.2113267527802267,0.1681227805491017,0.1425225724243596,0.22,0.22,0.22,19.7,19.4,18.2,36.7,36.7,37.2,0.0,0.0,0.0,6.1,6.5,6.7
2007-04-02,2007-04-04,15.12,0.2277259456340456,0.1730071758447036,0.1459823714532128,0.22,0.2206252835899432,0.2200573444673758,21.2,21.8,21.6,37.9,38.8,39.4,0.0,0.0,0.0,6.0,6.0,6.1
2007-04-05,2007-04-07,14.109562127963608,0.2166831835622752,0.1671619230133958,0.1390592570644658,0.2200052738238657,0.2200004851447573,0.2200000446300453,19.9,19.7,21.3,39.2,37.9,38.8,0.0,0.0,0.0,6.4,6.7,6.9
2007-04-08,2007-04-10,15.67928677912924,0.2168936444987612,0.1681961688713103,0.1263908314831691,0.2200000041056721,0.2200000003776951,0.2200000000347454,22.0,22.0,21.5,38.6,38.3,37.8,0.0,0.0,0.6,7.2,7.1,6.1
2007-04-11,2007-04-13,11.069091735787952,0.2188921712470847,0.1927696873008323,0.1562584338534689,0.2200000000031964,0.2200000000002941,0.2200000000000269,22.9,21.5,21.3,37.2,37.2,36.9,5.0,3.8,0.0,6.2,6.2,6.2
2007-04-14,2007-04-16,13.18867234723024,0.2111926054436295,0.1656974753592274,0.1367249940614879,0.2200000000000024,0.2200000000000001,0.22,20.0,21.2,21.1,36.7,37.0,35.8,0.0,0.0,0.0,7.0,6.2,6.6
2007-04-17,2007-04-19,15.587972129402964,0.2299244551626829,0.1739041472046727,0.3528228480408477,0.22,0.2207957750138108,0.2884710885086163,22.0,20.2,21.5,35.5,34.3,34.8,0.0,0.0,33.0,5.7,5.1,5.2
2007-04-23,2007-04-25,16.545872940156098,0.2200331474381347,0.1612900845419352,0.1248568399065819,0.2200029292933998,0.2200030378544228,0.2200002794585955,21.4,20.6,20.1,38.3,38.0,38.8,0.0,0.0,0.0,6.6,6.5,6.7
2007-04-26,2007-04-28,16.874078919302384,0.2199639411514645,0.1546647405720685,0.1147268519206807,0.2200000257083318,0.2200000023649985,0.2200000002175643,23.0,24.1,23.7,39.2,39.7,39.7,0.0,0.0,0.0,6.7,6.9,6.8
2007-04-29,2007-05-01,18.00159131483476,0.2222337837468148,0.146141632175207,0.1046048231817155,0.2200000000200144,0.2201849248259055,0.2200169963507786,23.6,24.4,26.7,39.4,40.5,39.2,0.0,0.0,0.0,6.6,7.3,6.3
2007-05-02,2007-05-04,18.45925318676155,0.2101335203566175,0.1340815932678765,0.0899994097447914,0.2200015634222211,0.2200001438235334,0.2200000132308173,25.2,25.5,24.2,40.7,39.9,38.6,0.0,0.0,1.8,7.2,7.1,6.1
2007-05-05,2007-05-07,19.69593377272121,0.2112313154059926,0.1399045692172178,0.0872059576163732,0.2200000012171488,0.2200000001119697,0.2162030410756948,26.4,25.4,25.5,38.4,38.4,40.6,0.0,0.0,0.6,6.9,6.5,6.2
2007-05-08,2007-05-10,20.462609331946595,0.2238133334789258,0.1456649876004303,0.086028700197444,0.2162030410756948,0.2175631957236624,0.1938360565610026,25.1,25.5,29.0,37.7,40.0,40.2,0.0,0.0,0.0,6.2,7.0,7.6
2007-05-11,2007-05-13,24.356342656564607,0.257105282554909,0.1511789542376977,0.0885003788632184,0.1873524810692621,0.2116921885214123,0.1910223907221791,29.4,26.2,24.2,41.0,41.0,41.2,0.0,0.0,0.0,7.2,7.3,7.6
2007-05-14,2007-05-16,24.384837317371257,0.2616428098355414,0.1516990649938496,0.0892771770060948,0.1772870960723604,0.1962133640775266,0.1698139716788477,22.0,25.4,24.5,41.0,40.7,40.0,0.0,0.0,0.0,7.7,8.3,8.1
2007-05-17,2007-05-19,25.0,0.2711424153857775,0.1558867486433978,0.0934161461363007,0.1557092992968758,0.1887277159126196,0.1700594384078861,23.2,26.7,26.4,39.3,40.4,40.4,0.0,0.0,0.0,7.5,7.5,7.4
2007-05-20,2007-05-22,25.0,0.277471377604862,0.1581422723104056,0.0953316110210623,0.1581563356194016,0.1996389711478211,0.1791223279913108,27.7,25.4,26.5,39.3,40.4,39.4,0.0,0.0,0.0,7.1,7.1,7.6
2007-05-23,2007-05-25,24.89273044458536,0.2784180573561263,0.2752289491741759,0.1677551010620424,0.1627334407477109,0.2043539737559341,0.2227111342812265,27.2,23.0,24.8,39.1,39.0,35.5,0.0,12.0,0.0,7.5,7.1,5.1
2007-05-26,2007-05-28,10.711493449889977,0.2102498982935413,0.1454405401805123,0.0899636486862943,0.2059282261472681,0.1896075676976368,0.1782075095934437,26.6,26.3,27.0,39.2,39.8,39.3,0.0,0.0,0.0,7.2,7.4,6.1
2007-05-29,2007-05-31,15.867694959841115,0.2658639479700845,0.1849370857714551,0.1278497412412295,0.1708186396413005,0.2162870076555962,0.21431050314097,21.5,23.8,23.5,37.8,33.3,36.8,8.0,0.4,0.0,6.4,3.6,5.8
2007-06-01,2007-06-03,16.14870343253483,0.2260957098293953,0.1637040468372639,0.122231071163597,0.2030016305537597,0.1980870448883354,0.1980870448883354,24.2,25.7,24.9,38.3,39.6,35.7,0.0,0.6,0.0,6.8,6.7,4.2
2007-06-04,2007-06-06,16.57451621040879,0.2276792076978995,0.1765539902041044,0.1151244155806804,0.1980870448883354,0.1925671363624025,0.1884224536127861,24.2,23.5,25.2,37.8,39.0,37.8,0.0,1.9,0.0,5.5,6.9,6.0
2007-06-07,2007-06-09,8.822166785475709,0.2559747279486102,0.204683791795501,0.1435452040727814,0.1852234430743231,0.2198974351815846,0.2176732265833008,22.4,21.3,25.0,38.3,27.6,35.6,11.4,1.4,0.0,5.9,2.8,5.8
2007-06-10,2007-06-12,14.216555167392382,0.2365907784332762,0.1742417733334249,0.1340071253388996,0.2176732265833008,0.2211079048836423,0.2201013625467271,24.5,24.3,25.2,35.3,35.4,33.2,0.0,1.0,0.0,4.5,5.2,3.7
2007-06-13,2007-06-15,5.631676699144483,0.2113330843920485,0.1612976773251855,0.1437814235983631,0.2200093200281677,0.2200008573423432,0.2200000788695677,23.2,23.9,24.3,34.6,35.2,32.3,7.0,0.0,1.4,4.5,4.6,2.9
2007-06-16,2007-06-18,10.771625372682252,0.2200092412591889,0.1578697698141399,0.0981353260869675,0.2200000072554827,0.2116166900030634,0.2008983477920588,24.4,24.5,24.3,31.8,35.7,36.0,0.0,0.0,0.0,2.9,6.5,6.5
2007-06-19,2007-06-21,21.1452785938177,0.2487716219709118,0.3386547303735321,0.3753892711126076,0.1999878690756446,0.2205780583473065,0.2243160094430232,24.7,23.0,22.4,35.4,34.0,31.6,0.0,17.8,21.4,5.7,4.5,3.6
2007-07-01,2007-07-03,1.5828311644317197,0.2222586157327212,0.1802427254220734,0.1196305549723222,0.2200365810576997,0.2201902581230292,0.2200174860707864,24.0,23.5,23.5,26.5,29.9,32.4,3.0,0.0,0.0,2.2,3.8,5.8
2007-07-04,2007-07-06,16.101217044975108,0.2178231625858676,0.1651295598347521,0.1176203987793534,0.2163902508719747,0.2163902508719747,0.2163902508719747,23.8,23.2,23.7,33.7,32.8,31.8,0.0,0.8,0.0,6.4,5.9,5.2
2007-07-07,2007-07-09,15.916554402537756,0.2169702873271053,0.1838170435192036,0.1390498185772126,0.2163902508719747,0.2163902508719747,0.2163902508719747,23.9,24.0,23.5,33.3,29.6,32.2,0.0,0.0,0.0,5.9,3.3,4.5
2007-07-10,2007-07-12,12.936722494199111,0.218216325715884,0.1656691870809488,0.1166543199930849,0.2163902508719747,0.2163902508719747,0.2163902508719747,23.2,22.8,23.5,32.7,32.7,33.3,0.0,0.0,0.0,5.1,5.4,5.1
2007-07-13,2007-07-15,15.591486708786384,0.2261067448212185,0.1969047207303094,0.3759705614262389,0.2163902508719747,0.2201778565199548,0.343231747090328,23.6,23.5,21.8,32.7,32.2,31.2,0.0,1.0,39.2,4.9,3.6,3.7
2008-03-30,2008-04-01,2.483829218684462,0.1911797001265604,0.1634597366581097,0.1389246265519182,0.22,0.22,0.22,22.5,21.7,21.0,33.8,32.6,31.2,0.0,1.2,0.0,5.6,4.4,4.7
2008-04-02,2008-04-04,13.28,0.2123280573184688,0.1628691593551523,0.1348786738026731,0.22,0.22,0.22,18.4,19.5,17.0,33.2,33.4,34.4,0.0,0.0,0.0,5.4,5.7,6.0
2008-04-05,2008-04-07,15.10951380268679,0.2243789391336708,0.1702191425036212,0.2037255695770356,0.22,0.2203593591488508,0.2200330000603711,19.8,21.8,19.0,33.2,33.4,31.7,0.0,0.0,9.4,5.6,5.9,5.5
2008-04-08,2008-04-10,7.679357292658558,0.2299252141520872,0.1758867557374566,0.1473904436785615,0.2200030352958162,0.2207960874431618,0.2200729470470975,18.6,19.8,19.8,31.2,31.2,32.6,0.0,0.0,0.0,4.6,4.5,4.8
2008-04-11,2008-04-13,12.539192023732078,0.2111930063032824,0.1614381217759746,0.1333577478013737,0.2200067082364292,0.2200006170935507,0.2200000567684072,18.2,19.7,20.5,34.2,35.2,35.6,0.0,0.0,0.0,5.6,5.7,5.8
2008-04-14,2008-04-16,15.038595910096731,0.2177600945374009,0.1670334569631431,0.1381605210130643,0.2200000052223216,0.2200000004804194,0.2200000000441954,21.6,20.9,21.0,36.1,36.8,35.9,0.0,0.0,0.0,6.0,6.0,6.0
2008-04-17,2008-04-19,14.777915891290338,0.2210627788808314,0.1668318404780221,0.1353878307901455,0.2200000000040655,0.2200883984550392,0.2200081285332586,21.5,21.3,21.5,36.7,37.3,38.4,0.0,0.0,0.0,5.9,6.1,6.3
2008-04-20,2008-04-22,15.386870628492384,0.2199917589209132,0.1656547183817842,0.1330848622491277,0.2200007477420247,0.2200000687871335,0.2200000063279652,20.4,20.3,21.4,37.7,37.7,38.7,0.0,0.0,0.0,6.3,6.1,6.2
2008-04-23,2008-04-25,15.505617148211917,0.2188910570356645,0.1592473709697,0.1231112445034779,0.2200000005821314,0.2200000000535523,0.2200000000049264,19.2,21.7,20.7,38.8,40.0,37.2,0.0,0.0,0.0,6.3,6.5,6.6
2008-04-26,2008-04-28,16.94340621910783,0.2233157956348111,0.1606469847777656,0.1239340555269786,0.2200000000004531,0.2202732971170751,0.2200251076383521,20.4,19.5,19.6,36.8,36.6,37.8,0.0,0.0,0.0,6.3,6.0,5.8
2008-04-29,2008-05-01,15.981892143756316,0.2156496343010258,0.1461545286311835,0.1013924875336205,0.2200023094527012,0.2200002124521581,0.2200000195441918,23.5,23.4,24.0,39.3,40.1,39.4,0.0,0.0,0.0,6.2,6.7,6.6
2008-05-02,2008-05-04,19.107272763098035,0.218908452614152,0.1479831179705092,0.090964188861842,0.2200000017979378,0.2200000001653986,0.2200000000152156,22.6,19.4,20.4,40.2,38.4,39.1,0.0,0.0,0.0,6.7,6.5,7.2
2008-05-05,2008-05-07,20.801237113432585,0.2210772314332735,0.1433094250394881,0.0863959877786042,0.2200000000013997,0.2200895953774324,0.2102625407796576,24.5,21.5,20.5,38.5,38.2,37.3,0.0,0.0,0.0,7.1,7.0,6.7
2008-05-08,2008-05-10,21.678762094524583,0.2275116032581371,0.1548705043275711,0.0895703336551172,0.2102625407796576,0.2171088065753215,0.2067517563065755,23.5,22.5,24.0,38.2,38.7,39.1,0.0,0.0,0.0,6.9,6.0,6.9
2008-05-11,2008-05-13,21.92572209412001,0.2372359182714506,0.1512482675098175,0.0891322723282482,0.2026920748479873,0.2141298422954869,0.1984115574370877,24.0,23.6,22.9,38.7,38.8,38.8,0.0,0.0,0.0,6.9,6.8,7.1
2008-05-14,2008-05-16,23.033428003996853,0.25203895220235,0.1542783629357617,0.0919261303946555,0.1956822646966748,0.2119372658574201,0.196465695399935,25.1,25.1,24.6,38.7,39.1,39.3,0.0,0.0,0.0,6.4,7.0,7.1
2008-05-17,2008-05-19,22.942380299859124,0.253682307080094,0.1543428942684288,0.0919534437660621,0.1841200262881781,0.1979683346658682,0.1748688932510478,24.0,24.8,25.7,39.5,40.0,39.9,0.0,0.0,0.0,7.3,7.8,7.8
2008-05-20,2008-05-22,20.858889191718703,0.2835962705243403,0.1918755193766749,0.1282984857959816,0.1585200096536239,0.2152909953042534,0.2109194745297112,22.8,21.8,22.6,39.2,36.8,35.9,5.0,3.3,0.0,7.6,6.2,6.2
2008-05-23,2008-05-25,16.87485543552354,0.2367710424476022,0.1577022096506954,0.0976540163622466,0.2109194745297112,0.213037357879083,0.2073316264490507,22.2,25.0,24.5,36.7,37.8,37.0,0.0,0.0,0.0,5.5,6.5,6.0
2008-05-26,2008-05-28,18.87539247184811,0.2345182616734644,0.1805176022929523,0.116679308750586,0.196700990994134,0.2100036964436936,0.1944801822098271,25.0,23.6,25.6,39.4,38.4,40.7,1.2,1.3,0.0,6.8,4.9,7.3
2008-05-29,2008-05-31,20.87983246403924,0.2607854295500968,0.1608352384401452,0.1036782480225435,0.1769829320349635,0.2100861352426409,0.2017251881523552,27.4,27.3,25.4,40.6,39.8,39.3,0.0,0.0,0.4,7.5,6.1,6.4
2008-06-01,2008-06-03,20.473443740131227,0.2492370928905382,0.1603305915449427,0.1657305660023205,0.2017251881523552,0.2158838701031261,0.2158838701031261,25.5,25.8,24.2,37.6,38.6,36.2,0.0,0.0,5.8,5.4,6.1,4.8
2008-06-04,2008-06-06,11.100002554262227,0.2150570795588423,0.16064018503307,0.1050767491392885,0.2118076096893996,0.2086091201514544,0.1927669121721072,24.5,24.0,24.3,36.3,36.3,36.9,0.0,0.7,0.0,6.0,5.9,7.2
2008-06-07,2008-06-09,22.09314157045418,0.2649680417463869,0.1607130278006601,0.1148477799849077,0.1914528672850336,0.211491087704502,0.211491087704502,24.3,24.0,24.0,35.7,35.7,30.7,0.0,0.0,0.0,5.7,6.6,4.2
2008-06-10,2008-06-12,13.256524781575251,0.2129702986755306,0.1505701586109156,0.1007801424568416,0.2074692865227009,0.1979215081670337,0.1979215081670337,22.8,24.0,22.6,34.3,35.2,34.5,2.7,0.0,0.5,6.0,6.6,5.1
2008-06-16,2008-06-18,15.735963106226157,0.2373699736439823,0.182422772501169,0.1304189823964133,0.2200282672463141,0.2213502582509179,0.2201233868385985,23.0,24.0,23.7,30.9,29.0,32.7,0.0,0.0,0.0,3.8,3.6,4.8
2008-06-19,2008-06-21,14.16037901047558,0.2124878589456569,0.1513559109891832,0.0939136824172757,0.2200113438718959,0.2173248675071286,0.2077739697706567,23.8,23.8,24.2,34.4,35.0,36.0,0.0,0.0,0.0,5.5,5.9,6.2
2008-06-22,2008-06-24,20.52931263083793,0.2384107389904736,0.1816300473135423,0.2095529556691502,0.2070342636728479,0.2203524059009936,0.2120600437734788,25.0,24.3,22.2,35.4,32.8,35.7,0.0,0.0,9.0,5.7,3.7,6.5
2008-06-25,2008-06-27,5.034768557901937,0.2559094308889251,0.2116678729441414,0.2933357095880781,0.2120600437734788,0.2220315156319813,0.220185011216519,22.2,21.7,21.8,31.7,28.8,32.2,3.8,2.2,13.2,3.9,3.0,4.3
2008-06-28,2008-06-30,0.9415542733431934,0.192732208101627,0.1521676042512055,0.1068804221142899,0.2241429279713485,0.2203733191240638,0.2200342796425302,23.4,22.5,22.7,30.4,31.5,32.7,0.0,0.0,1.0,3.5,3.8,5.2
2008-07-01,2008-07-03,16.838718213691557,0.2131249424074126,0.1740706327532182,0.1172623373937977,0.2155299445990521,0.2155299445990521,0.2148020917506785,22.8,22.9,22.9,34.1,32.3,33.9,0.0,0.4,0.0,6.3,4.1,6.0
2008-07-04,2008-07-06,17.057517645216727,0.2328480472657739,0.1669902368787325,0.1258341841586814,0.2148020917506785,0.2205824748342511,0.220053429821431,23.6,23.8,23.2,34.2,34.2,32.6,0.0,0.6,0.0,5.3,5.8,4.5
2008-07-07,2008-07-09,14.018908279938923,0.2031926996234444,0.1509731536796046,0.1212022336553954,0.2200049138988617,0.2200004520356701,0.2200000415842395,23.5,23.0,23.6,34.2,34.0,32.2,0.0,0.0,1.1,6.2,5.2,4.1
2008-07-10,2008-07-12,13.057092002420914,0.2155127903687182,0.1649325715288651,0.1207410170211477,0.220000003825478,0.220000000351919,0.2200000000323742,22.3,23.2,22.7,32.8,33.2,33.4,0.9,0.0,0.0,4.6,5.2,4.6
2008-07-13,2008-07-15,14.349155450771743,0.199779951753574,0.1399990462565754,0.0921925936848705,0.2200000000029782,0.2200000000002739,0.2200000000000251,23.0,23.9,25.7,34.7,35.7,34.4,0.0,0.0,0.0,6.8,6.4,5.2
2009-03-30,2009-04-01,5.32047494698697,0.2122150852138282,0.17155560211,0.1477510039013358,0.22,0.22,0.22,20.5,22.4,22.0,37.4,38.0,38.0,0.0,0.0,0.0,5.6,5.9,5.8
2009-04-02,2009-04-04,13.599999999999998,0.2210550241539706,0.167965457376365,0.1411604113465589,0.22,0.2200877561709192,0.2200080694986791,21.5,22.2,21.5,38.0,38.8,37.5,0.0,0.0,0.0,5.7,6.3,6.0
2009-04-05,2009-04-07,14.479459899350507,0.2177613163504169,0.1687363304717279,0.1286714945555874,0.2200007423116626,0.2200000682875793,0.2200000062820096,22.4,21.7,23.0,38.6,39.2,39.2,0.0,0.0,1.4,6.2,6.2,6.5
2009-04-11,2009-04-13,10.529158546148617,0.2067661748749469,0.1575427560866035,0.1302693715558869,0.2200371487524126,0.2200034168162853,0.2200003143195036,20.8,21.2,22.0,35.7,36.5,37.4,0.0,0.0,0.0,5.7,5.7,5.7
2009-04-14,2009-04-16,15.238467146224764,0.2254698201008569,0.1635753920981662,0.1356605072157055,0.2200000289152986,0.2204468728869733,0.2200410187139532,21.0,23.2,22.8,37.4,38.8,38.8,0.0,0.0,0.0,5.2,6.3,5.6
2009-04-17,2009-04-19,14.5878392030007,0.2133658634699409,0.1629996516461301,0.1310883255730127,0.2200037726901549,0.220000347056416,0.2200000319268711,24.4,24.5,25.0,39.8,40.0,40.0,0.0,0.0,0.0,6.2,5.9,6.5
2009-04-20,2009-04-22,16.036413393887198,0.2287878591539953,0.1584622454877234,0.1242150891376428,0.2200000029370634,0.2207080505132301,0.2200649083655823,24.2,26.2,27.5,39.0,40.3,40.7,0.0,0.0,0.0,5.7,7.0,6.9
2009-04-23,2009-04-25,17.164581694196105,0.2365085352527173,0.157636106008127,0.1216364514521545,0.2200059692333139,0.2212866433992318,0.220117610894839,23.0,22.7,26.7,38.4,39.9,40.2,0.0,0.0,0.0,5.4,6.7,6.5
2009-04-26,2009-04-28,16.98278648577821,0.2255388876515162,0.1632356555023709,0.123998339055217,0.2200108131547632,0.220453328816401,0.2200416099782398,24.5,23.2,21.3,38.3,38.4,39.2,0.0,0.0,0.0,6.0,5.7,6.1
2009-04-29,2009-05-01,16.30052799912896,0.2112231064852547,0.1414134441779489,0.1035772536540419,0.2200038270604304,0.220000352057939,0.220000032386977,23.4,25.2,25.8,40.4,40.6,40.3,0.0,0.0,0.0,6.9,6.9,5.7
2009-05-02,2009-05-04,17.897790833807715,0.2035261359235466,0.1293971084406128,0.0863306810446636,0.2200000029793901,0.2200000002740845,0.2085583029981822,26.1,23.8,23.3,41.7,42.0,42.0,0.0,0.0,0.0,7.2,6.9,7.2
2009-05-05,2009-05-07,22.409175989735047,0.2181632905527267,0.1602119064880482,0.1079772343441024,0.2042935116649103,0.2042935116649103,0.2042935116649103,23.3,23.6,23.6,41.5,39.0,38.8,0.0,1.9,0.0,8.8,7.1,6.2
2009-05-08,2009-05-10,19.56818517332497,0.2272064320098133,0.1592518724088299,0.0913914454240526,0.2040029136817184,0.2105700353047755,0.1995116789437148,27.4,25.1,26.2,40.5,39.2,41.0,0.0,0.0,0.0,7.0,5.6,7.2
2009-05-11,2009-05-13,22.801878334583805,0.2457531258725848,0.1493588654104087,0.0880752940335774,0.1898728430573934,0.2018815021626864,0.1831683206156404,21.6,21.6,24.9,41.2,41.0,42.0,0.0,0.0,0.0,7.6,7.7,7.3
2009-05-14,2009-05-16,24.869675292387733,0.2665740698134665,0.1847483625516405,0.1214581619969406,0.1711825234654603,0.2006370715276254,0.1949641381518213,26.3,24.1,24.6,42.2,41.0,39.6,0.0,3.2,0.2,7.5,7.7,6.6
2009-05-17,2009-05-19,19.08150040205883,0.2502663898723994,0.1556285039957587,0.09577260429305,0.185276090159578,0.2021260956638668,0.2006299623116076,25.5,25.5,28.4,40.2,40.4,38.2,0.5,0.0,0.0,7.0,7.1,5.6
2009-05-20,2009-05-22,20.4952033054968,0.2345912050436774,0.1829019883940626,0.1489707438871246,0.1878842281603288,0.2012302681650908,0.1905721745482275,24.4,24.2,23.0,39.8,34.5,39.0,0.0,0.0,3.1,7.2,3.5,6.9
2009-05-23,2009-05-25,17.598933812380118,0.2610285303803963,0.1635510096749928,0.1057160259095538,0.183297618964556,0.2066733334466635,0.1921422023333483,25.0,26.2,26.0,37.0,39.5,39.4,0.0,0.8,0.6,6.5,7.4,7.2
2009-05-26,2009-05-28,22.107218112218927,0.2610917513191959,0.1594497418435529,0.1021688065436745,0.1723948133104497,0.2006435222651572,0.1912845881477921,25.4,25.4,27.0,39.8,39.0,39.5,0.0,0.0,0.4,7.8,6.7,6.5
2009-05-29,2009-05-31,21.770179569143835,0.2557024248621694,0.1576074047327731,0.0983198735513227,0.1765837292778455,0.1892379103368578,0.1849926166374166,27.6,27.0,27.4,40.6,41.0,39.2,0.0,0.0,0.0,7.2,7.8,5.8
2009-06-01,2009-06-03,22.02328248808918,0.254284479835869,0.1584376259581106,0.1040536718845457,0.1682022295962356,0.1829909332872882,0.1754284154699227,25.7,25.0,25.2,39.8,37.7,38.0,0.0,0.0,0.6,7.4,7.4,6.3
2009-06-04,2009-06-06,22.95086232322383,0.2690346214012883,0.1586052164071987,0.1438688526854303,0.1556125860937588,0.1795080828049665,0.1577851814467252,27.2,27.0,23.2,38.4,38.8,38.4,0.0,0.0,5.0,7.7,7.9,7.9
2009-06-07,2009-06-09,22.47592650800096,0.3062630651104606,0.3488284442899109,0.1631697888952322,0.1490744751846343,0.4078052284628204,0.2198968400400786,23.0,21.6,24.4,35.8,35.0,35.2,0.0,58.2,0.0,6.5,5.8,5.6
2009-06-10,2009-06-12,11.542795050944402,0.2158426463961961,0.1542606987607186,0.1394463818847504,0.2084900053046978,0.2036026119953632,0.2036026119953632,25.8,27.6,22.5,37.2,38.6,35.0,0.0,0.0,3.2,6.8,6.1,4.3
2009-06-13,2009-06-15,12.581431687596808,0.2209052976485324,0.157095350014975,0.1266124865476492,0.194166647709774,0.1819012767596807,0.1716333886272936,25.0,25.2,24.2,35.7,36.8,37.8,1.8,0.0,3.2,6.6,7.0,6.7
2009-06-16,2009-06-18,21.4550751599713,0.279019524487231,0.1615233064511783,0.2132415519075579,0.1632603162144982,0.2092181491984148,0.2000248026352311,25.0,24.3,21.2,38.0,38.0,38.0,0.0,0.0,11.4,6.5,6.6,6.6
2009-06-19,2009-06-21,1.6572793068269596,0.2492449276884084,0.1610047296281463,0.1512340333531221,0.1908847156029354,0.2142626205872935,0.2079883207735835,23.2,25.4,20.5,37.3,35.8,36.3,8.2,0.0,5.2,6.6,6.0,6.3
2009-06-22,2009-06-24,14.884499608873403,0.2579933320795738,0.1615569100563124,0.1003686050645474,0.2079883207735835,0.2184692658468233,0.2042533612046057,24.2,24.2,24.5,32.7,34.2,35.6,0.0,0.0,0.0,3.9,6.0,7.0
2009-06-25,2009-06-27,21.070420963398263,0.2490021705601605,0.1738945481047259,0.1208443082734178,0.1963681171424444,0.2202797305202463,0.2177373445449555,25.5,25.0,24.5,35.7,33.8,34.9,0.0,0.0,0.8,6.5,4.5,5.9
2009-06-28,2009-06-30,16.488533343178705,0.2320610030828581,0.1857914760393311,0.1237928527926731,0.2177373445449555,0.2207705120853526,0.2151146996682487,25.2,24.2,25.0,34.5,31.4,35.4,0.0,0.0,0.0,5.0,3.3,6.3
2009-07-01,2009-07-03,16.805453605684182,0.231601002245733,0.1758232563390823,0.1236155297868318,0.2151146996682487,0.2205104368509658,0.2200468385509903,25.6,25.4,24.0,35.7,33.4,33.7,0.0,0.0,0.0,5.7,4.3,5.0
2009-07-04,2009-07-06,14.860772655225038,0.2265904047763402,0.1809885420146254,0.1350342901826072,0.2200043078450448,0.2205362935636711,0.220049204909029,23.6,22.5,22.8,33.3,33.6,33.6,0.0,1.6,0.6,4.4,5.4,5.1
2009-07-07,2009-07-09,3.30997448092125,0.2174327773678212,0.2846038902257982,0.2024070450025374,0.2200045254313589,0.2200004163008593,0.2238732577759851,23.4,22.8,22.4,32.7,29.3,28.7,10.4,10.2,1.3,5.4,3.3,3.2
2009-07-13,2009-07-15,12.54172082866305,0.215013494766211,0.2285983306421279,0.1940384416313537,0.2200256455625985,0.2200023589258268,0.2206935353321228,23.8,23.4,23.0,33.7,32.2,29.2,0.0,5.0,0.3,6.1,3.9,3.2
2010-03-30,2010-04-01,3.9002666493286298,0.2085562376357032,0.1748027460333904,0.1478256515349942,0.22,0.22,0.22,25.5,22.2,20.2,36.3,36.8,37.5,0.0,0.0,0.0,4.7,4.9,6.4
2010-04-02,2010-04-04,14.26,0.2189381116124855,0.1717338710706613,0.1457396957947895,0.22,0.22,0.22,18.4,19.6,21.5,37.4,38.2,38.2,0.0,0.0,0.0,6.5,6.4,6.2
2010-04-05,2010-04-07,14.249421634988677,0.2211403416813273,0.1732112878967949,0.1446852736179439,0.22,0.2200948203677219,0.2200087187731116,22.4,23.9,21.6,38.7,39.1,39.2,0.0,0.0,0.0,6.1,5.9,6.4
2010-04-08,2010-04-10,14.56913904830832,0.2167254568745193,0.1768355887951564,0.1522039365480736,0.2200008020357253,0.2200000737817616,0.2200000067874382,23.0,22.5,23.5,39.7,37.9,38.8,0.0,0.0,0.0,6.7,5.2,5.2
2010-04-11,2010-04-13,12.498992354378093,0.2189054551662614,0.1621500313549726,0.1320715463376274,0.2200000006244001,0.2200000000574407,0.2200000000052842,22.8,24.7,27.8,39.3,41.1,41.3,0.0,0.0,0.0,5.3,6.5,6.5
2010-04-14,2010-04-16,15.938188552457444,0.2254722970475311,0.1639366455557165,0.13933590577388,0.220000000000486,0.2204470681399824,0.2200410365966946,25.0,25.7,26.2,41.1,41.7,40.0,0.0,0.0,0.0,6.0,7.0,5.4
2010-04-17,2010-04-19,14.007840734690388,0.2123418054974952,0.1577771513126145,0.1271584487222495,0.2200037743345843,0.2200003472076871,0.220000031940787,24.0,25.7,26.5,39.2,39.0,40.7,0.0,0.0,0.0,6.1,6.4,6.4
2010-04-20,2010-04-22,16.316340377564806,0.2122675474478114,0.1564538534111093,0.1224762945731441,0.2200000029383434,0.2200000002703083,0.2200000000248665,27.0,24.5,25.6,40.4,40.6,40.7,0.0,0.0,0.0,7.1,6.9,7.2
2010-04-23,2010-04-25,17.664144600336655,0.2287762021644046,0.1546997889884628,0.1188348573212505,0.2200000000022875,0.2207071459266423,0.2200648257309245,28.6,25.9,25.3,40.8,41.4,40.4,0.0,0.0,0.0,6.4,7.5,7.0
2010-04-26,2010-04-28,17.81195590148267,0.2178470784488053,0.1571150879510246,0.1167056324442465,0.220005961636332,0.2200005484155078,0.2200000504505118,27.5,23.0,25.0,40.7,38.2,39.8,0.0,0.0,0.0,7.2,6.6,6.9
2010-04-29,2010-05-01,17.908905247583878,0.2233130376463036,0.2062235626806877,0.3093730715594314,0.2200000046411167,0.2202730732775956,0.2200250871021122,26.2,22.9,21.0,40.4,38.8,35.3,0.0,5.4,15.0,6.6,6.2,3.8
2010-05-02,2010-05-04,0.3407982170748109,0.1772631372006013,0.1349167834465228,0.0999361473787178,0.2244433289910982,0.2203997805196491,0.2200367046287917,24.0,22.0,22.2,33.9,36.0,34.5,0.0,0.0,0.2,4.7,5.5,4.0
2010-05-05,2010-05-07,16.398006662683756,0.1937243289422696,0.1235461217585337,0.0927329283238952,0.2200033759747016,0.2200003105624702,0.184691199004711,21.4,25.2,26.5,37.2,38.4,40.7,0.0,0.0,0.0,6.4,6.4,6.8
2010-05-08,2010-05-10,22.51520829719606,0.2508992743773439,0.1667548006685578,0.1072824341290728,0.1792695805505474,0.2097642890977278,0.2067506760971823,24.0,24.6,26.6,39.9,37.8,40.3,1.2,0.2,0.0,7.7,5.2,6.9
2010-05-11,2010-05-13,20.15207423590192,0.2377958561335146,0.1507307574439404,0.0885385541764391,0.2043357573783361,0.2141164889013727,0.1952272455799957,27.9,27.0,28.5,41.5,41.8,42.4,0.0,0.0,0.0,6.7,7.0,7.4
2010-05-14,2010-05-16,23.738144658887823,0.2564778339309419,0.1526193743925187,0.091096935580604,0.1857840005829077,0.2041876525108911,0.1890233207087134,27.6,25.2,27.2,41.8,41.9,41.3,0.0,0.0,0.0,7.2,7.8,7.0
2010-05-17,2010-05-19,23.658677061409254,0.2617898055946886,0.1565210031418119,0.224366620609982,0.1837108736588123,0.2100618222788807,0.1994788731582391,26.8,27.8,21.2,40.4,41.8,41.2,0.0,0.0,13.4,6.5,7.0,7.0
2010-05-20,2010-05-22,9.27788047388958,0.2792149801072429,0.1953442958837534,0.1646749308595232,0.2034524624283278,0.2228794048600326,0.2202611187154561,25.5,24.0,23.4,33.3,29.8,31.6,0.0,0.0,0.0,3.1,2.6,2.8
2010-05-23,2010-05-25,0.6969365024230143,0.1857648868774281,0.1213085468077859,0.0906324670496618,0.2082313703020422,0.1971121972308974,0.1503121972308974,21.6,27.0,28.0,38.0,39.8,41.2,7.9,0.0,0.0,7.0,6.9,7.6
2010-05-26,2010-05-28,25.0,0.274389813431395,0.1566890453462446,0.0950911457417417,0.1278380841592135,0.1513467702993127,0.1286106852916941,27.4,27.2,27.6,41.2,40.7,39.8,0.0,0.0,0.0,8.1,8.6,7.7
2010-05-29,2010-05-31,25.0,0.2802177422884269,0.1582429597660197,0.0972583570395276,0.1102460610108605,0.1435072979445399,0.1278260364709164,27.5,28.5,28.2,40.8,41.6,41.2,0.0,0.0,0.0,7.6,8.1,7.0
2010-06-01,2010-06-03,25.0,0.2845308677319268,0.1594880817397057,0.1069181266136322,0.1193642641842351,0.1611708597897426,0.1611708597897426,28.2,26.4,26.8,40.6,40.8,37.8,0.0,0.0,0.0,6.5,7.6,4.8
2010-06-07,2010-06-09,21.97977247129695,0.25872412240241,0.1603809186469875,0.1142784690995971,0.1925999608791084,0.2111412854413138,0.1922971167039944,27.1,27.6,24.5,37.2,37.7,38.2,0.0,0.0,1.8,6.5,6.6,7.6
2010-06-10,2010-06-12,19.63466182847099,0.2957307193495477,0.1969411545977933,0.2056028089006256,0.1922971167039944,0.2231419794729547,0.2202845549766517,24.4,23.5,24.2,33.8,36.8,36.0,2.0,3.0,6.2,3.2,5.1,4.9
2010-06-16,2010-06-18,6.439827861711259,0.2004669033655854,0.1419445012789065,0.12239107979791,0.2200195953946947,0.2200018024741253,0.2200001658143836,23.8,24.2,23.5,33.4,33.0,33.3,0.2,0.0,4.0,5.3,5.4,5.5
2010-06-22,2010-06-24,2.3637568315414064,0.2084278365125031,0.1566840365884802,0.1071403200777085,0.2203957650712782,0.2200363366843313,0.2200033421384136,24.5,24.0,24.0,30.4,33.3,32.2,0.0,0.0,0.0,3.3,4.8,4.6
2010-06-25,2010-06-27,16.24437165107716,0.235149511316056,0.1664577782220598,0.1127496536736867,0.2200003074498557,0.2211874818281687,0.2201086001305959,23.5,23.5,24.8,30.7,33.7,33.7,0.0,0.0,0.0,3.2,5.1,5.0
2010-06-28,2010-06-30,16.10081245483733,0.2124998323344925,0.149983177492804,0.097915383061023,0.2168754659859218,0.207831359595442,0.207831359595442,24.6,25.2,25.0,34.8,36.2,34.4,0.0,0.0,0.0,6.0,6.7,4.9
2010-07-01,2010-07-03,13.8367794431781,0.2303867216184628,0.3721784245593812,0.1982956581551215,0.207831359595442,0.41,0.2225356555983632,21.5,21.9,22.9,34.5,30.8,26.4,4.8,52.8,0.4,5.1,3.6,2.5
2010-07-04,2010-07-06,4.299992180066816,0.2163347657289905,0.1667500922048459,0.3517795322011712,0.2202303422650638,0.2200211658952771,0.242394275044674,22.0,23.0,22.1,27.2,31.8,32.8,0.2,0.8,27.8,2.6,5.6,5.7
2010-07-10,2010-07-12,3.125903554016012,0.2001226923189314,0.2751119230044908,0.2875751122296328,0.2202703075683596,0.2200248333572925,0.2235113376579124,22.6,21.6,22.8,30.8,32.5,28.6,0.0,13.4,9.0,4.1,5.8,2.6
